1,和親公主的皖雅，也逃脫不了所謂“貢物”的命運，絢爛一時的愛情，到頭來終究抵不上江山一角。
3,看盡世間無限遺憾，只因愛情如此脆弱。
5,但我相信它會和我手中的這本書一樣溫馨美好。
7,我是第一次讀龍應臺的書，流暢的文筆，深深的內涵，對兒子的關愛，平等的推心置腹，思想觀唸的碰撞火花竟然這般的美麗而感人。
9,推薦給我的兒子、朋友們。
11,剛開始看的時候心情是平靜的，看到中間真的期待她有個好的結局，有個好的人生，可是不樂觀的情節越來越多，如預感，結局讓人很心痛，但是也讓人平靜。
13,生活的力量真的足夠巨大，巨大的讓人可以平靜來面對這一切的過眼雲煙和眼前與期待相差甚遠的平淡。
15,故事情節的發展，我也心中甜蜜，酸楚，失落，幸福。
17,當自己對幸福迷茫的時候，就會想到，不要將自己手中的幸福隨便就放掉，那樣，當自己發現那是你的最愛時，已經找不回來了。
19,日常養生的參考還是不錯，有很多從前不知道的保養知識。
21,呵呵，現在買了很多花草茶，還有茯苓粉，打算再做種子眼霜。
23,雖然很喜歡張小嫻的文字，麵包樹系列也很早就看過了，但是還是買了她所有自己喜歡的書回來珍藏。
25,買這本書的時候，正是我在感情方面有些心結的時候，雖然過去很長時間了，但心中仍有些情素無法平復。
27,很多東西，是真正經歷過才能體會的。
29,而正處於那個生命階段的讀者也許會產生共鳴，發現原來他們在這個時候的想法並不是孤獨，沒有人明白的。
31,張老先生的愛情理念是建立在女性獨立及兩性平等的基礎之上的，張老先生生命中的那些獨立自由、勇敢追求愛情的女性是多麼可愛啊！
33,喜歡關於大學講座類的書，只要看到，從來都是毫不猶豫的買了來看，好好品嚐知識和文化的大餐，可以學到很多東西。
35,一個人真正不想孤獨和寂寞，只有多讀書多學習。
37,這一年的春夏秋冬歡笑痛苦哀傷，五味陳雜生活就是這樣，慢慢流淌，遇到該遇到的人又各奔東西，留下無盡的懷念和記憶，美好而感動
39,我同時買了此書和《兔子湯姆》，這書實在是讀不下去，當然它的紙張和印刷是無可挑剔的。
41,奇怪的是它的評級卻高高在上，我甚至懷疑自己的閱讀水平，或者孩子喜歡？說實話，我家孩子只喜歡那個“小黑貓”的形象，知道了害怕“大怪獸”。
43,這是一本裝訂精美，質量很好的書。
45,這就是愛情中的極致了吧，於是《癡相公》把這樣的唯美愛情，一一鋪就，濃墨重彩。
47,愛情中的把持與堅韌，真的太讓人感動。
49,愛情說到底也不外乎人情，一個連自己都不愛的人又怎麼能去愛人呢？靳辰和蕭志皓，也是身處娛樂圈，纔會讓人對他們同性戀的身份不那麼計較，寬容也是需要環境的。
51,最愛她《百年相思》裏的《傳奇》捲，原本看似幽暗充滿憤懣的傳說，卻被她溫柔款款地道來，感受那些歷史長流中紅顏女子的喜怒哀樂。
53,異地戀的思念會毒死一個人的熱愛。
55,這種記錄難免空洞，虛構也顯得薄弱。
57,該小說的確沒有藝術可言，對於追求精緻閱讀的人，看網絡版足夠了。
59,【薦書】愛是得到一切再失去一切之後的一場記憶。
61,由最初的報復之愛，到最後的生離死別，當中的不捨與深愛，只有當事人才瞭解吧。
63,情感，你去試，你就會有收穫---要麼幸福、快樂，要麼痛苦、遺憾。
65,剛拿到這本書時有一種莫名的激動。
67,前前後後花了大約一個月的時間完成，感覺這個戰亂中的校園唯美得讓人羨慕，它比我在這和平時代經歷的大學生活更豐富。
69,當初想買也是看了許多的好評後才下的單沒想到完全沒有別人說的那樣好.
71,以前一直不喜歡喝水，雖然同學都說喝水對身體有好處。
73,但是要注意一點，水喝多了是好，但問題是什麼樣的水纔對身體有好處。
75,正如Miki所說的“有些書，不必有那麼重大的意義”。
77,現在人們的生活壓力很大，在很多時候自身的健康問題往往都被忽視了，特別是男性朋友，所以日常生活中多瞭解一些與健康和保健相關的知識還是必要的。
79,後來有朋友買了說好，那咱還是買一套吧。
81,看來不能以自己的喜好來決定買不買，大獲好評的書還是值得買的。
83,而且這書中英對照，也可以對小朋友灌輸一下一些簡單的英文。
85,你們的忠實顧客，而且我也會給周圍的朋友介紹你們
87,我說這就是犯賤，這就是得不到了才更加愛。
89,不愛的時候按個手機號碼都嫌費力。
91,我一直相信，關於生存技能的書籍每一個人都應該看一看。
93,當在使用對身體有幫助的物品時，請相信它，感受他，感激它，身體會吸收的更好。
95,質量不錯，適合3歲左右小孩玩。
97,讓他練習手工的同時還有很多樂趣，超喜歡。
99,我會將學到的知識向身邊的親朋好友宣傳，只要長期健身，必有回報。
101,但是，誰也不能將心分成兩半呢，這樣的結局也未必不是最好的選擇吧。
103,勞動與愛情，挫折與追求，痛苦與歡樂，日常生活與巨大的社會衝突，紛繁地交織在一起，深刻地展示了普通人在大時代歷史進程中所走過的艱難曲折的道路。
105,平凡的記錄不平凡的費德勒，有過輝煌，有過失落，有歡笑有淚水，相信他的路途依然精彩，勝也精彩，敗也精彩，他的完美在於追求完美......過去喜歡，現在喜歡，將來也一直喜歡，這麼一個人，創造完美，贏了多少，輸了多少，付出多少，收穫多少，ROGER將繼續完整他的人生，讓他更加美麗，我們將依舊支持，默默注視，看他怎樣打出完美比賽，畫出完美人生。
107,我想，就像書中所言：情緒是一種能量，會來也會走……這真是一次奇妙的閱讀經歷，更重要的是，這是一次久已缺失的心靈洗禮！
109,生活在紛繁複雜的世界中，要做到不抱怨是何等的不容易，但是《不抱怨的世界》它運用簡單的方法可以幫助你控制自己的語言，以至於將思想調整到正向，進而你將在無意識中改變自己的生命。
111,有個別的拼寫錯誤雖然這本書美中有不足。
113,本人以後在閱讀這本書的過程中會就其的優點和不足及時與大家交流！
115,如果看這本書的女生多了，優雅的女士會讓今夏風光無限。
117,一箇中國人，我很痛苦。
119,中國有這樣優秀的打工人而自豪。
121,挑戰自己細心和耐性的好助手！
123,自信是小朋友邁開成功的第一步！
125,我家女兒5歲，比較喜歡科普圖書，這套書目前是她比較喜歡的圖書，每天都要和我一起來分享各種有趣的知識，現在在看生物篇，對其中的鯨特別有興趣。
127,身處其間的人，有歡笑，有眼淚，有快樂，有悲傷，有甜蜜，有心碎，可是應該是不會後悔的吧。
129,如果當時再勇敢一點點，結局會不會不一樣？
131,力所承受的艱辛對安樂死也有些瞭解，最後章節的那句我們已經不再相信壞運氣了，壞運氣不存在，運氣不存在。
133,水說愛的語言，水能結出很美麗的結晶，哪麼要是人與人之間都說好話，我想我們人類就能很好的控制自己的情緒，人有了一個好心情，幹什麼都能成功。
135,這本小說是傷感的，是讓人心碎的，查理這麼一個正直，勇敢的男子漢被無情的戰爭絞殺是任何人都不能接受的，但小託卻要承受這個痛苦，他的家庭是那麼的不幸，以至於他的成長充滿陰影，但他能夠感受生活給他帶來的快樂。
137,小託的堅強讓我懂得了好多東西。
139,故事也夠味，想表達的意思也很清晰。
141,作出選擇就是結束，如果後悔，就很糟糕。
143,這本小冊子圖文並茂
145,珍惜我們還有這些可愛的朋友，如果看了＜寂靜的春天＞，你一定會感嘆錯過了永遠的失去了，鳥兒。
147,熱愛生活，熱愛生命。
149,其實不是我能忽悠，是書確實好，營銷學上講，把好的新產品推銷出去，叫營銷，把不好的產品推銷出去，叫騙銷，我是把好的產品介紹給朋友，共同受益，顯然不應在騙銷之列。
151,現實所以我沉迷於古代小說無法自拔幾乎愛戀
153,這本書而不知不覺熬到臨晨一兩天.....雖然有時候第二天會困，但心裏覺得很踏實，很欣慰！
155,寫的有多好看呢，唉，真是個“用心良苦”的作者吧，貼滿了大量我們中國人錯誤的英語圖片，笑沒被笑死，丟臉死了。
157,本來就想當本笑話書來看的，沒想到難以笑出來。
159,我想在她內心的最深處，愛的那個人依然是小浪。
161,我想如果再來一次。
163,最早接觸寂地畫是在《新蕾》上，後來滿心歡喜的買了她的第一本畫集《我的路1》很喜歡那種溫暖的畫風，也很喜歡配畫的文字，很細膩，有哲理，讓人感覺溫馨。
165,朋友看到我有一套《我的路》也很想要，所以讓我幫她買。
167,我的確看得很過癮很開心！
169,小侄女8歲了，很喜歡看書，就像我小時候一樣，所以我怎麼可能不滿足她的這個小小的又是這麼美好的願望呢！
171,我已經能想象到小侄女拿到書的享受樣子了，呵呵，贈人好書，手有餘香啊，我也開心呢~~
173,希望更多的老師看看王老師的書，仔細的想一下應該如何教孩子學習而不是灌鴨式的教授知識，讓孩子真正的愛上學習！
175,看得人冷汗都要出來了，覺得女主角某種程度上缺乏決斷，性情比較軟弱，還未看得透徹就想託付未來以過安定的日子，可惜往往慢了一拍，事情就大不相同。
177,記得看過一本和坤的書，人家雖是大貪官，卻也對妻子馮氏，有情有意，有始有終，另生一種敬佩。
179,才知道原來他們都愛彼此愛的那麼深。
181,無畏壓迫獲德國書商和平獎〔駐歐洲特派記者胡蕙寧、國際新聞中心／綜合報導〕法蘭克福書展十四日閉幕，中國流亡異議作家廖亦武獲頒德國書商和平獎（GermanBookTradePeacePrize），繼日昨公開批評剛獲頒諾貝爾文學獎的中國作家莫言是「國家詩人」後，廖亦武在領獎時更痛批北京領導階層，形容中國是「滅絕人性的血色帝國」。
183,逃離中國封殺而流亡德國。
185,廖亦武是在一年多前歷盡艱辛逃離，後來在德國受到庇護。
187,德國書商和出版商協會主席霍內費爾德讚揚廖亦武，「恢復因鎮壓和壓迫而受苦人民的聲音」。
189,當現代生活越來越快速，生活壓力越來越大的時候，能讓煩悶的人們在閱讀的時候心情愉悅的書，就是一本好書。
191,還算精美的一本書，最開始吸引我的是很多人的評論和推薦。
193,其中的一些細節讓我羨慕，我也希望像譚斌那樣，幹練，優雅，知性，大方，即使有點傲氣，但也是朵驕傲的玫瑰。
195,好可愛的書啊，圖片生動幽默，連我們單位的男同志都喜歡看，呵呵。
197,可是並不是每個人都能，所以產生了那麼多壓力和痛苦。
199,索居，就是渴望內心的精神自由。
201,人類要實現生命的永恆就有超越死亡。
203,別跟政治人物一樣，為反對而反對，為何不說自己經驗而討論，只會發表自己喜好而討論，就像很多大大說的，不喜歡不屑，就別買就好了呀?
205,深刻的理解了祝勇的一些觀點，總的說來，祝勇對於他人的剖析有理性（對餘傑的批評有些過了），對問題的闡述比較客觀。
207,當我們看到別的孩子的優秀之處時，往往會很羨慕，有時還會忍不住責備孩子：“看人家”，可是我們有沒有想到他的媽媽在背後付出的努力。
209,從書裏，改變了我的許多想法，也是我對自己的一些育兒思想得到的肯定。
211,怕再次傷心，上次看完，之後的一個禮拜我都沉靜在那揮之不去的心痛和傷感中，但是這次還是不由自主的翻開了，也許一切都是命運的安排，凝夕和司夜兩個就像夕陽和夜晚，永遠不能共存，兩個不懂愛的人在彼此的傷害中感受愛，也許從凝夕出生開始她就註定要像櫻花凋謝那般死去~~美麗還慘烈.....
213,這幾年，我對那些高中生之間的愛情，已經不敢興趣。
215,我從很小的時候就非常喜歡讀書獨獨不喜歡歷史方面的書籍感覺她們太沉重，中國的歷史太讓我們這些赤子而憂心重重了
217,試試看的心情，買了一套，結果，女兒一看就喜歡上了，這套書的特色比較鮮明，每一本的主題對塑造孩子的優良個性都有?
219,女作家和男作家的區別，在於擅長在邏輯嚴密和氣氛緊張的犯罪推理之外，對人性的軟弱、複雜和彼此之間可堪或不堪的關繫有?
221,都覺得很快樂很幸福娜娜很可愛。
223,你的快樂的波及範圍已經不是小小的一大片啦~~~~哈哈哈
225,至於凌小萌，很可愛，像個小駝鳥，估計在此文中，不是顧正榮生病住院，小萌肯定還會繼續逃避吧！
227,目前小弟仍在茁壯的階段，我的服務一直都是積極的！
229,我不希望大家都迷失在永無習日的數字遊戲中！
231,謝謝你的提醒，閔中衷心感謝
233,家庭的緣故一度有過徘徊，但愛的力量是偉大的，只要有愛，還有什麼是不能克服的呢！
235,雖是描述建國後的歷史傳記，但是讀起來卻沒有想象中的嚴峻和沉重。
237,生相，悲苦的，樂觀的，勇敢的……厚厚的一本傳記，卻給予我們很多讀者很多的精神力量。
239,呵呵~所以能她說媽媽給我買吧，我看了就很有靈感哦。
241,這本書帶給人許多思考，即使不是自己或身邊的親人正面臨死亡，依然是本值得一看的好書。
243,整本書由短小的有趣小故事組成。
245,尤其在辦公室工作時間很長或者想思想上逃離辦公環境的話可以偷偷的看一兩則小故事，那種感覺真爽，同事都不知道你在笑什麼。
247,看到這些水結晶時的圖片，是震驚。
249,韓琳是一名優秀的軍人，非常積極上進、且獨立的女性。
251,她們最初相處的那段時間，薑士安心底是默默的非常喜歡她的，可是韓琳對他沒有相對的感情，兩人擦肩而過。
253,奧列傘……一個消滅口吃的地方……一個渴望創造力的波希米亞集市……一場關於愛和理解的換位遊戲。
255,頭皮去替他做三天小學生……很喜歡夢神奧列傘的世界，一口氣把6本全套書都讀完了。
257,希望我能夠永遠有童心，永遠在夢神奧列傘的世界裏遨遊！
259,英諾森提的插畫還有個突出的特點就是角度的多變，你如同在看電影，每幅視角都不同，增加了生動和真實性。
261,強烈推薦給不喜歡快餐閱讀的朋友，推薦給追求認真做事的朋友讀，推薦對插畫有高要求的朋友。
263,袁喜和步懷宇，他們倆人的愛情來的磨難重重，有的時候甚至會有些憎恨袁喜的固執，惱火她的倔強。
265,許多下圍棋的人都會有一個困惑，那就是害怕對手的力量強，趴在戰鬥中吃虧，以及如何增強自己的戰鬥力。
267,我很喜歡這套書，她也是阪田先生畢生著作的精華，值得你擁有！
269,很多時候作父母的並不會想想孩子是否願意？於是孩子只能被動享受灌輸。
271,我的兒子今年5歲，上幼兒園小班，他可愛看書了。
273,看到兒子高興，我也很開心。
275,其實看的影片之後，相信樓主只是想反應一下原廠處理的態度及消費者的無奈。
277,PS相信沒有任何一家車廠敢保證自家的車子出廠都沒問題。
279,確實越改越難看目前這一代還比較帥氣好看多了東抄西抄快變四不像了但反正toyota本來就不太會造車都是看對手出什麼車賣得好的話再出同款的車來把外觀跟設備改良賣得好的話還一堆擁護車主覺得他們買的車是比別家還棒的車還真不知道有啥車是他們自己完全設計製造而不是拿人家的車做範本去做改良設計在拿出來賣的
281,如果只有HYBRID的差別，動則數十萬的價差，卻要消費者買單，銷售量肯定不會太好看這年頭環保跟銀子，大概還是銀子重要些)，HYBRID車款將會是CAMRY的重要戰略車款，希望借此再拉大與同級對手的差距，如果銷量不好，總代理面子肯定掛不住，因此在配備上預留了一些頂級的空間，讓準CAMRY車主能多掏一些銀子，購買HYBRID車型。
283,原廠導航..算了吧..小偷超愛的.
285,那你最好就不要出門，其實你自己的車先要有循跡系統才最實在，怎麼會跑去怪車廠某款車沒有?
287,您再算算看好了....不買它
289,唱衰會讓人覺得很好笑耶...
291,擺明仗著牛頭牌光環，仗著銷售量高這樣對的起你的支持著?
293,今天接到肇事者他媽的電話...說他們家經濟不好...兒子剛退伍...爸爸聽不見...聽到這些我只希望我的車趕快修好就好...其他就算自己倒楣了...晚上去辦出險...一切就交由車廠跟保險公司處理吧...唉...開快車真的一點都不帥...看他小女友都快嚇哭了==能夠轉彎打滑還撞我這麼大力想必速度一定不慢...只希望我的車車能快點回復原狀了...
295,沒錯，鋁圈能裝的碟盤尺寸是有限定的！
297,小弟比較貪心，對於安全性配備，是永遠嫌不夠的！
299,可以沾點光來提醒大家對安全配備的重視！
301,爛到最後，大家都一起爛了！
303,了解到它是一部主動安全缺乏的機器！
305,不要輕易的挑戰它的極限！
307,樓主，TOYOTA版的護衛隊惡劣出了名對TOYOTA車子上網抱怨瑕疵的，就是群起圍剿口誅筆伐、譏諷耶瑜建議你的文章，最好再補些照片、工單等證據，貼上來mobile01來大家就有公評不要理會toyota護衛隊的惡毒言語一些拿工讀金還沒不起車的人而已)可以的話進線0800記得錄音存證)如果它們相應不理，接著下來再找媒體、消保官協助toyota的自衛隊，品行真是太差了可憐買它們家車子，安全配備差價格貴，還得忍受自衛隊的戲弄。惡劣
309,舊引擎跟萬年4AT的油耗極限大概就在那裡這點你說的沒錯但同一時期的競爭車端出的牛肉可不是萬年4AT與那種油耗不談冷門競爭車就談一般認定的大宗競爭對手ColtPlus也是約莫06~07年上市，用的是CVTFit約07~08年上市，用的是5AT油耗自然勝過Yaris這就是他牌所端出的牛肉若撇開品牌光環Yaris在這點是沒啥競爭力的Yaris跟這些競爭車在同一時間點比拚卻要消費者去原諒他那萬年4AT所帶來的不佳油耗這是沒什麼道理的
311,建議一下目前因為你都還是吃住家中但是我覺得應該要將夫妻倆的所得提出一部份拿給家裡比較實在畢竟養一台車不是說有頭款有能力繳貸款就可以搞定的事情事後的保養費、保險費、油錢、稅金都是一筆開銷再說個難聽一點的話要是好死不死A到的話那筆開銷更會讓你頭大假使不需貸款可以直接購入的話當然我會建議你可以買假如要貸款的話買台機車給老婆比較好不會騎只好慢慢教他
313,不過SUVLIFERAV4討論區不少車主也有反映這問題，我想應該是TOYATA通病不過也有開1-2年也沒有味道的，我想用車習慣、環境也有差吧。
315,感謝某些大大還提供一些方法有些大大講話還挺毒的不過還是算了我在高速公路上面也是慢慢開但是不會龜內線)之前我也曾經走過這條路很多次不過就那天遇到的側風讓我感覺到恐懼...另外我說到狗夫我也只是想表達福斯車好的地方並沒有要做比較的意思買這台車也因為我不是出錢的老大所以我也沒有選擇的餘地撇開主被動安全的東西就單單外型...我是還挺喜歡它的
317,那為啥國外會用新的引擎，而不用舊的？難道外國人比較喜歡嚐鮮？還是說比較喜歡解決問題？舊車殼也沒啥不好，為啥要換？又不是每個人都是大畫家，對於美感都非常重視...XP也沒啥不好，為啥要出Vista？說穿了，這就是人性...大家都對新的事物會比較好奇...而且會推出新的產品，一定有比舊的產品在某些部份有更進步的地方，不然就不用花費大量研發成本，去推出新產品了，就一直用舊的就好啦，廠商也樂的輕鬆...
319,這是為了讓普通男孩、女孩有幻想的空間。
321,壓縮機使用電子可變開關控制
323,不要光注意它的好省油、輕便、便宜、耐用...)，也要注意車商所不願告訴你的真相主被動安全缺乏所以，當這些車主主被動安全配備不足)，面對這些安全性的議題！
325,這些配備，或許將來可以救你一命，甚至救其他人的命！
327,Toyota賣了這麼多車，是否要釋出多一點的利潤給旗下的員工?
329,謝謝熱心朋友你們的關心與建議。
331,我不是那台小黃，我想保養廠我就保留，因使用TOYOTA以10多年。
333,是有一些不爽為什麼不撞我的舊車卻偏偏撞我的新車。
335,這位大大，我想你誤會我的意思了，我原文的意思是把護衛隊會拿來反駁樓主的理由都列出來，我裡面寫的每個理由都是我在這個版看到人家每每拿出安全性來質疑時他們提出的理由，你不妨多在這個優質的版多多閒晃，到目前為止我看到說某F牌妥善率很差、常常維修的大多是聽朋友說、家人說、長輩說的!希望可以換點新花樣，例如聽二奶說、聽細姨說，我想會比較新鮮!
337,你要說FIT超控好嘛就是跟yaris一樣好
339,目前新一代CAMRY的旗艦定位車款就只有2.5G車型可以擔任了...搭載於CAMRY上的足踏式駐煞車是機械式的，踩第一次鎖定，踩第二次就能釋放駐煞車了非常感謝大家的熱烈回應，小編必須要做的是盡量將新車的細節分享給大家，當然每個人都有所偏好，有些人若是不喜歡送他也不願開...買車是看需求，各種級距車型鎖定的客層與定位也不盡相同尤其現在安全防護意識抬頭，CAMRY此次改款能否持續擄獲人心？相信之後的銷售量會給大家答案的～
341,大哥～～有空直接開過去吧.....明顯就是在拖時間～你確定你的維修更換沒時間限制？直接殺到他們營業所比較快～最好還是在他說高雄交車時！
343,偷裝備~~我覺得大大你搞錯了吧!!和泰怎麼偷?
345,很多車主抱怨新車怠速抖動嚴重----冷車時更嚴重。
347,如果國產T車出車禍一定會死人的前提下....你的理論沒錯...多10~20萬而已要買安全一點的車....但也不是買國產某牌沒有五顆星認證啊....這哪來的自我感覺良好?
349,其中矛盾大家都懂....有錢大家都買雙B了，誰要國產?
351,呵呵~傻眼了阿~!!如果整天要怕死的怕自己開車去撞人的可以考慮前面幾位大大所推的!!本人只怕別人來撞我!!我希望前面某些人出車禍時.
353,隨你高興
355,這版開口就說yaris太輕了的
357,當你沉浸在你無敵好正確的商業邏輯的時候有沒有轉過來認真思考一下工程邏輯是什麼？你有沒有認真正視過工程專業的堅持豐田戰本田，網路大戰至少戰了20年為什麼戰個不停沒有結論交集豐田管理出幾本書本田管理出幾本書豐田成功或者本田成功或者說誰信仰豐田的成功，誰信仰本田的成功學而不思則罔
359,我很喜歡老的206/306/505...只是我比較想開車，而不是跟修車廠的技師成為好朋友。
361,雞肋沒錯啊但有時有好過沒有有時遇到就是要用就知道他好用，至少RAV4遇到那種狀況你連第三排好不好坐都不用討論了而且樓主已經說他們一家四口了不曉得第三排好不好坐有啥討論的必要
363,也不喜歡Toyota的設計和調性...所以我並不覺得Toyota很強大!
365,影音設備...這個部分有改善。
367,電子花車轉阿轉燈亮刺人也刺己車飄軟腳晃阿晃遇水則亂甩阿甩邊開邊看大螢幕好威好猛沒在怕省油就是第一名其實也沒省多少一條命多付點油省來省去只剩油不是說他很不好只是需要被探討造車邏輯要改進不要狂賺台灣錢然後不負些責任人家改款式進步你屌改款偷拿掉不要唬弄台灣人無敵話術騙騙去因為只要開慢慢一切都不會發生啦！
369,靠政府保護與善良勤奮的中產百姓來賺錢。
371,常常覺得聰明和智慧相比，我更喜歡智慧。
373,不可否認，這是一本好書。
375,很吸引人，對於那些嚮往外企的人來說，是一本不錯的指南。
377,很激動的心情買下了這本厚厚的書，後來學完了才發現，其實笨書並沒有想象中那麼完美……不是很詳細，有些地方還有錯誤……也許在所難免吧……不過，這個世界上沒有絕對完美的事物存在。
379,現在也覺得收穫挺大。
381,對於學習者來說，真正的樂趣在於學習本身。
383,不知道就別在這唬爛了~這跟那些說網路慢然後說甚麼美國速度慢歐洲速度慢澳洲速度慢...沒根據就說，結果被住在國外的說你真的出過國嗎?
385,無知吧!怎麼會有人說Altis好?
387,一年要多花20萬養車我也願意因為我的命超過了這個價位
389,依照你的停車照片看來，加上你又強調沒有逆向停車，所以你被撞擊點應該是在牆壁這邊，既然是牆壁這邊，理應遭撞擊應該是另一邊才對，怎麼會是牆壁這一邊，在怎樣都不可能會有這樣的撞擊才對樓主是否形容錯誤?
391,我想明眼人都知道，就當廣告來看！
393,所以，沒任何東西是完美的，勇於面對自己的缺點，不要老想操縱這些媒體，來欺騙這些消費者！
395,正面對撞結果現代車引擎蓋只凹一半，駕駛幾乎沒受傷vios好像連駕駛艙都完全潰縮駕駛就夾死在裡面你看看你看看假如低於標準的安全性，還可以販售有可能就是一個車廠是否尊重生命的表現
397,而我純粹以一個看不慣的路人的角色在發言，我不認識樓主，但願意幫他說句公道話。
399,可是交車時，的確有的地方有待改善，我想打7分或8分。
401,到時又被罵到臭頭說騙錢我知道VQ35的引擎蠻好的但是有錢買嗎?
403,不懂為什麼這種安全配備的車這麼多人想買單?
405,一個車廠把安全配配省成這樣，還有人客要捧場?
407,買CAMRYHYBRID吧油電車大家都認為很省油....對也不對高速行駛的時候基本上耗油程度跟引擎有關而已油電的優勢在於市區時利用馬達帶動..怠速或低速時充電所以所有油電車高速油耗都比市區油耗差PRIUS值得買嗎應該說沒有CAMRYHYBRID我會說值得畢竟CAMRYHYBRID比較大台開起來舒服PRIUS看起來很優惠可是也太陽春了一分前一分貨
409,altis的天窗似乎問題不少，甚至有網友回報會漏水，所以我和樓主相反，當初就是不想要天窗，所以才選E款而不是G款至於16吋鋁圈，建議直接先換上16吋，原來的15吋再便宜賣掉就好不過16吋鋁圈只是好看並稍微增一點穩定性卻換來較高的音噪、較不舒適的乘坐感，也比較耗油所以，建議先仔細想想再做決定好些
411,話說Camry、Teana、Accocd這種大型房車要搭17吋以上的車身比例比較好看，16吋以下有點頭重腳輕的感覺!要是我不會為了省油把18吋、17吋換成16、15吋輪圈!說真的買純汽油的大型房車不要把省油考慮在裡面，不然你會開的很痛苦坐在車室內很舒服，但是一直注意油耗，心理很痛苦XD)!因為計較那一公升差1~2km是沒什麼差別的!
413,更別說出差了，一天300公里也不以為奇，相對的，引擎保持在工作溫度區間，油耗自然就會好一些。
415,九成以上可能是假車禍詐騙!!一般汽車跟機車擦撞
417,安全配備很重要但駕駛方式，行為也同樣重要影片中那位車主完全沒注意前方路況幾乎快撞到了才踩煞車切到右線還好當時右線沒有車不然被他撞到還真衰安全配備是輔助不要以為防彈車多安全它只能讓你躲過前波攻擊你還得想辦法駛離現場否則一樣掛點懂嗎?
419,番外篇更是絕啊~~最愛看冰依跟衛在一起（雖然好像有點對不起祈然），看到他們都有自己的幸福是很好的~~不過作者怎麼就不讓步殺也幸福呢~雖然現在看來也不錯，但是還是想看看步的愛情使~~*_*
421,riverbobwrote:「真奇怪，明明就是有很多人有這個問題，卻還是有人要護航」你也真奇怪，我的RAV4就真的沒問題，啥護航不護航！
423,照片很難嗎跑一段定速或下坡隨便都二三十油耗市區油耗13多是根本連踩都沒踩吧還是超扯的九二無鉛這樣好了樓主來打個賭我跟朋友上台北去油錢我們出依你前面多次油耗文章路面來開如果市區高速平均破13多我們馬上包一萬紅包如果沒有只要上本版說明真相就好休旅車載人還有市區我真的很想親眼看看是怎樣厲害的駕駛方式九二無鉛油耗13多不是不相信我們願意花錢親眼看
425,MATRIX真的是一部好車，2004年我還在美國念書時，這車剛推出，我就二話不說，把我的beetle3年租約到了，換成黑色的MATRIX....這車的好處是便宜又大碗，非常適合美國的路況，又省油，又能載東西，外型也好...真是居家旅遊必備好車呀....最記得有一次紐約下大風雪，回叔叔家時要經過一段高底起伏很大的公園路，只有大車，還有MATRIX4輪驅動，通行無阻一路平安到達，所以下在大的雪他都保護我.....到現在我回國後，還是想著我的MATRIX....
427,市場領先的品牌，享有發球權，高興怎麼定價就怎麼定如果這個品牌願意在安全配備上大放送，那所有的車廠就會被強迫跟進市場落後的品牌，為了突顯差異化只能不斷強化配備、降低價格，但不會改變市場的口味現在可以讓台灣汽車消費者在安全配備上更進化的角色有兩個一個是政府，一個是Toyota....前一個我不敢奢望，後一個讓我失望，就這樣
429,個人偏好3或5門車，風壓抵抗會有較佳表現呢~不過適當駕駛很重要，減速些是應當的，握好方向盤也是應該的，一般言歐系車多較穩定性高，日系多重視都市輕鬆操控，設定取向不太相同大多數啦。
431,這...這讓我覺得我的家人真是偉大。
433,但是人家國外安全氣囊都9到10顆了，和泰如果真的最多只有4顆，那我真的會很鄙視決定把氣囊拿掉的和泰高層。
435,因為稅制的關係，我覺得新一代CAMRY在台灣最不討喜的反而是2.5L的引擎...
437,討厭Toyota五年前開Altis，我後悔為何十年前要熱血買四安保養嚇死人的進口車。
439,平常都停路邊，半年換一次機油，也沒甚麼地方故障，我從以前K6.K8.K9.VIOS都沒它好開，K9是98年出廠，朋友家有賓士車，他坐後座之後就說，坐起來的感覺像賓士，這怎麼說，其它車都要拿去填海了。
441,三O幾年前爛車頂事件是一大敗筆，連我爸都受驚了!品質不良又不負責任，但它實在好開~T的話..行銷大過一切歌后或七速，完完全全適合多數國人買車的特性；但撇開一些該有的安全科技不談，至少在設計上使得維修容易又可以少花錢，問題少~希望台灣將來會有個真正競爭的市場!目前消費者真的很吃虧。
443,有些小毛病之完因為小弟之前在驗車場打工過大部份的2.2的車EGR;廢氣在尋環;引擎燈會亮這都很容易壞也糟糕!原場報價2棵小飛碟要10張小朋友XD反正技師建議還是不要換好了其他應該沒什麼大問題了請問小弟最近想自己更換發電機皮帶請問好換嗎?
445,如果高速撞擊下，可能我說可能哦，想証明，反對的，請自行測試)會讓車室中的人，比較不用承受，撞擊時的衝擊力道，也增加存活機率！
447,不知對不對，有錯請指出，謝謝^^
449,你們可是成了潛在的傷人/殺人犯。
451,也希望政府拿出魄力，6SRS+ESP也該成為台灣的標準配備。
453,和泰今年EPS應該超過13元
455,首先謝謝大家的回覆，讓我多了一項的知識起初我也想回toyota廠更換，不過報價真的太貴了。
457,總之.....再次謝謝大家
459,放學也一樣不過下雨的時候比較不好意思，因為都會把車是用的溼溼的在這裡我代表各位清華高中高榮線的同學說聲抱歉因為我也很愛車喔!
461,這次終於安全配備大升級，頂級兩顆變四顆，那些老是看不懂的英文縮寫，至少還有保留ABS.
463,色溫：鎢絲燈泡最燙也最耗電....LED比較省電..色澤：黃色較清晰雨天或濃霧)、白色較透亮適合黑暗)、藍色或紫色就是氣氛和炫了..紅色是警示作用..黃色是注意號誌用..所以要清晰又要透亮就是黃金光+超白光吧...但是若是用HID就得小心對焦問題...燈不是爆亮爆閃自己爽就好..避免刺瞎對向車子..造成不必要車禍.
465,安全與否，眾說紛紜，你之所以提出TOYOTA不安全的疑慮，就要給個建議性的解答，回文沒有必要避重就輕，不然你提出的疑慮就白費了....你跟我說等有一天你能買車時，我真的笑了..小弟很早就買車了，開的車也不怕你知道，九年前買的TOYOTAVX-4
467,我鄰居買了一台U7，我問他使用經驗，他是說配備豐富，但是如果要買，建議我再等個兩三年，等這款車的問題修正後再買，不然.......。
469,以前不也有很多車，發生失速、火燒車狀況，所以在一味強調安全時，難到動力或機電品質就無需安全檢視，當然啦~暴衝一詞，T牌也是無可推托。
471,幾年前剛遷新車不久，在南二高關廟路段，也因為壓到不明的東西，左後輪爆胎，還好當時沒有急剎，也有抓穩方向盤，慢慢滑行到路肩，有驚無險，不然時速110翻車可不是好玩的。
473,camry本來就是同級車得標竿，在這級距本來他的對手就只有他自己，說哪台車好哪台車不好，說實在的~~只有銷售數字不會騙人產品好沒道理賣不出去，東西賣不出去不去找原因反而在這邊取笑別人，我是覺的很可憐啦~~ACCORD跟Ecoboost為何不75萬起跳，回饋消費者也好阿，有人買才有機會淘汰大家口中爛產品，不願在價格上做讓步，只想請些人在網路上打嘴炮~~怪不得東西賣不出去
475,如果坦克真的那麼便宜又那麼好，為何多數人都不敢用。
477,呵..老實說一堆開著T牌的，說要用好輪胎比較重要，結果還是爆爛輪胎..不然就是一台便宜的車，改的亂七八糟排氣聲又大...不重視安全性的亂鑽結果跑起來比人家富豪..S60沒改的車還慢我相信消費者都是明眼的只有些業務和網軍是喇叭嘴的所以那些傢伙我想大概塑化劑當水喝..因為對他們來說..沒差.....所以.
479,今天下午去朋友車廠突然看到一台車跑來仔細一看這不是準備要國產化的CAMRY嘛!而且還是HYBIRD版趕快跑去對面拍幾張照片至於車裡面的人不知跑去哪了呵呵...看到有人說原來是舊款的CAMRY難怪覺得怪怪的無所謂囉!反正本來就沒再注意TOYOTA的車認不出來是正常的囉!所以大家就看看照片就好了
481,說真的買到最便宜的我真的會很開心，買到很貴的會嘔個老半天可能是我比較不同吧!!我買東西都希望買到便宜的，不想買貴被當盤子敲耶~回想起來，家中從以前到現在已經買入1X台車子，只要交完車付完錢後，再也不見業代蹤影..屢試不爽喔!幾乎各大汽車品牌都有過經驗，所以從此再也不相信業代口中的服務價格便宜給我，對我來說才是最好的服務~~
483,我原本前一台車也是小鴨，你所描述的狀況我都知道，也經歷過
485,你會很開心嗎?
487,大部份人用車多是在市區走走軟懸吊適合台灣爛路。
489,我猜應該60-95km/h以下我開小v快二年了當初是因為想省點油錢...小v在100km/h大概2800-2900轉左右110km/h大概3000轉起步大約3000轉就會換檔拉回了市區一般行駛時大概都在2000轉上下建議不要跑太快耗油加上不安全....尤其下雨天高速公路有積水的話超刺激100km/h過小水波區會瞬間空轉降速到快90km/h說另外個人平均油耗冬天不開冷氣)13.5-14左右夏天開冷氣12.5-13左右結論是台外型還不錯的省油小車優點)隔音差到爆是我覺得最討厭的缺點)
491,整天想護衛隊也不知道是無聊然後幻想的還是怎樣?
493,Powerkk兄請看清楚我的回文好嗎？動不動就罵人我是請部份說camry很不安全的朋友提出比較明確的証據這樣子也會被您說強迫症您是精神科的醫師嗎？樓上有位朋友批評我不一定懂相機我查了一下這位仁兄在攝影版的發言要是我像這位仁兄一樣討論類似的主題我一定不敢說誰懂或誰不懂因為還沒到那樣的level啦一位現任camry車主留
495,有ESP一定可以增加失控後的恢復，或是阻止失控，至於能恢復多少要看當時的環境但沒有ESP，就是看自己的運氣了好笑的是，有失控經驗並存活下來的人的人不見得能體認到車子需要ESP這類系統這種人就是我老婆，上次他們家老可在高速公路上打轉轉，天氣晴朗
497,買TOYOTA就好像娶老婆便宜不用太多聘金就可以入手外型又很好看只是沒有精品名牌LV加持平常都不會鬧脾氣5000公里花一點小錢他就爽了不用常常花各4千弄頭髮一萬買保養品3萬買LV10萬買鑽戒的使用它的時候舒服就好了不需要太多的技巧能達到目的地就好了不需要一直大馬力衝刺重點是等你想換掉他一堆人願意出高價去接收咧一般的男人甚至女人需要的不就是這種車當然想要的都是林志玲名模等級的那種歐洲車跑車
499,當然..你可以正名但也請不要一竿子打翻一艘船會選TOYOTA的人並不是無知或是沒做功課只不過每個人需求不同罷了其他車廠有TOYOTA所沒有的優點有更好的超控，底盤，動力，安全但是TOYOTA也是有他所有而其他廠比不上的優點所以請不要說選TOYOTA的人就是沒做功課誰買國產車是像選衣服一樣隨便買的?
501,有錢歸有錢...可是我實在不懂有錢然後拿Camry來這樣玩有什麼意義?
503,平常熱血的我看到跑車玩drift或powerslide偶爾也會覺得挖~好酷!!..我也要努力賺錢!!可是這次看完影片我個人只覺得........
505,保養買車容易養車難...騎機車很方便油錢保養都便宜停車也不用收錢只是辛苦了點下雨天麻煩天氣太冷或天氣太熱都不方便那又怎樣反正只是上下班而已忍耐一下嚕!幹嘛為了那一點爽度而去浪費辛苦賺來的錢呢!!!體諒老婆是好男人的行為!!!但是請量力而為吧!
507,發泡體吃的下的衝擊非得直接讓硬質白鐵保桿傳去給車架硬吃傷到車架這樣裝外掛就沒意義了，所以一切都看原始設計...
509,別有一番駕駛樂趣。
511,小弟今年農曆年前剛牽的RAV4最近兩周早上發車後開冷氣時會聞到很重的異味味道酸酸的非常難聞前兩天送回原廠檢查技師居然跟我牽拖東牽拖西的還說這是正常的這兩天我將內部整理乾淨後再測試發現到單純送風時的異味感還是很重不過開了A/C後有好轉請問大家有何建議新車就如何那以後還得了我希望能有好方法來讓原廠重視我的問題
513,除了自己閱讀外，還大力推薦並送給給朋友。
515,它喚醒了我心靈深處的記憶，讓再一次體會學習和成長的快樂。
517,改正錯誤，從現在做起。
519,好吧講其中一個理由我認為一台1.6噸的車子油耗只有14KM/L
521,京一才是帝王隊的王牌，都不用他出場了，我看不出中里毅是因為技不如人才輸了那場，看起來像是車子性能遠不如對手...意思是EVO4比GTRR32強?
523,唉往事不堪回首何必再提我就是那位幸運的civic車主啦不過就是有沒有後保險桿內鐵的差別罷了沒必要扯到品牌耐撞與否的問題civic是台跨時代的好車Altis的好
525,每天發類似的抱怨...不累嗎?
527,去看別家的啊!!大家所謂的安全配備
529,我開什麼車不重要，但重點是絕對比國產的Camry安全相對比較下Camry對我來說不安全)還有作啥工作跟車子有啥關係?
531,你就像是禿頭男，罵頭髮多人的髮型很醜一樣自己的車明明就是不到十萬的破爛喜美不僅沒VSC也沒6氣囊甚至連BAS。EBD甚至又是十多年前喜美的爛車體沒頭髮的人卻罵有頭髮的人髮型很醜真是好笑!勸你開過三台以上的車每一台都開過半年以上再來發表高論學生不要整天打線上遊戲，又跑來汽車版裝專家，會被人看破手腳的
533,偷很多不是只有這部就開始了，但是還是很多人買，甚至更多人討論T牌的安全性不足的問題，不過買的人就是多，你放心！
535,真的!!不怕死的就買TOYOTA;安全配備極差，開船上路還亂開的不少，要小心被撞~怕死的就買FOCUS;版金好
537,個人認為會買toyota的客戶大都不會做買車前的安全比較，有可能是老一輩口耳相傳或厝邊朋友的意見。
539,如果因為2.5的稅金還有一些優勢不存，再加上很多安全配備被削減而導致銷量驟減。
541,真的，主、被動再強，還是駕駛人的觀念最重要，不然也不會有名人的高級車或超跑...等的撞車新聞了，雖然都沒大礙，但開T牌的，撞車就一定會死人，是嗎?
543,深感不以為然才發文的，另一方面某種程度上我也給了樓主一些建議，那就是TOYOTA的車要操壞沒那麼容易沒想到幾天沒上來看結果這整棟樓歪掉了，對此對樓主致上歉意，小弟真的沒想到會如此樓主有問題上網尋求幫助和經驗分享，請各位高手先進們回復到樓主的議題，並祝新年快樂，謝謝
545,這你就錯了!懂車的人注重車的人真的不會去開TOYOTA這你慢慢去外面觀察跟多交交有開車的朋友就知道了!!另外你說:有些冷門車的車主自以為很有品味很懂車那些人的車在別人眼裡可能比toyota更像垃圾你得這段話真得很可笑!還挺想聽聽看哪些是你認為冷門的垃圾車?
547,唉~又是一篇無聊的酸文！
549,了解到它是一部主動安全缺乏的機器！
551,不要輕易的挑戰它的極限！
553,ok~了解嗎？只是希望你認清事而己！
555,我個人是換KYB黑筒避震器覺得比原廠還好多了而且又不會太軟覺得可以接受，但我看網友都說Toms不錯也可以給版主參考我覺得每台車子都有優缺點改善缺點即可，至於版主提到何時更換我也有想過此問題，最後我認為越早越好，不要開了四年保固後才換避震器我個人覺得失去更換意義，給您參考~~
557,爆胎就是鬆油門鬆煞車，全心對付方向盤
559,我在高速公路上看過一台箱型車爆胎，還可以平穩慢慢的開到路肩，真的很冷靜.
561,所以陪她去看這兩年發現老福特tierra真的是比小孩喝汽水喝得快每周都在加油我不是計程車司機喔!所以決定要換車但跟女王的suv款拉鋸上月初她才同意我買Prius我太寵她太順她結果她意見挺多所以奉勸未婚的朋友要man一點先以免跟我一樣變成)偏偏碰上這尷尬的年份車款切換時期真無奈
563,況且LEXUS休旅車在此次事件中並不代表安全與不安全，只說明龍捲風威力強大，運氣不好遇到了什麼市售車結果可能差不多與您要表達的相通同.
565,如果是第一次養育寶寶，會有意想不到的收穫，重要的是教會你注重寶寶的個性，保護寶寶的個性，如何避開護理的誤區，如何第一時候掌握病情，如何第一時間解決問題，如何預見和防護寶寶的安全。
567,經歷了，就會愛上這本書！
569,很舒服；服務不錯，感覺樓層比前臺服務更好；酒店周圍環境真好，有山有海，本人在後山散步時差點掉下懸崖，建議酒店及時將後山半截路加上標誌和圍擋，太危險了！
571,樓海景不夠好，應該往上層更佳.
573,我選擇堅決不再去.
575,補充點評2008年4月15日：建議大家到日照時選擇其他酒店，祝大家在日照開心.
577,北京東方和平賓館這家酒店給我感覺不好，雖然地段好，就靠王府井大街，但退房速度慢，房間隔音不好，有味道，看上去不乾淨。
579,但大堂辦住宿的女士感覺不太適合服務行業。
581,預定的是商務標間，由於客滿，酒店給我們免費升到了高級商務標間。
583,優點：1、地理位置鬧中取靜2、如果在五角場附近辦事，交通還算方便缺點：1、房間內有濃重的煙味2、空調滴水剛好在樓下的玻璃鋼瓦上，晚上比較吵3、洗澡水“小水無力”，感覺更像是“跑、冒、滴、漏”的水龍頭3、早餐比較差既沒有"吃飽"的實實惠惠，也沒有"吃好"的豐富多彩)4、毛巾泛黃5、枕頭很尷尬兩個偏高、一個偏低)
585,酒店非常重視您提出的寶貴意見，酒店會針對衛生間地板滑的問題研究解決方案.
587,商務間，說是給攜程的年終優惠，意外地滿意。
589,商務間是比基礎房型豪華間高兩個級別的全新房型，目前推出年終回饋498元商務間升級活動，希望大家更喜歡我們的新房間、新銀帆！
591,首先酒店任何員工對客人都沒有應有的尊重，客人可以被他們呼來呵去，其次CHECK-IN和CHECK-OUT都要半小時以上，強烈BS張靈芳和左瑞雪，效率低下，態度傲慢.
593,臺灣電玩競賽隊伍臺北暗殺星TPA)在電玩大賽英雄聯盟世界錦標賽奪冠，電玩產業引起重視，教育部將在3個月之內提出優秀電競選手升學及獎學金相關辦法，激勵今16)日遊戲股全面大漲，擺脫近期低迷的悶氣，由華義3086-TW)領軍攻頂，其中昱泉6169-TW)、網龍3083-TW)隨後亮燈漲停，智冠5478-TW)、宇峻3546-TW)漲幅超過5%，辣椒4946-TW)、樂升3662-TW)、傳奇4994-TW)、歐買尬3687-TW)、鈊象3293-TW)及橘子6180-TW)也都有3%以上漲幅。
595,重要產業發展，電競優異成績是否可以比照其他競賽有升學輔導，雖然家長不見得喜歡小孩打電動玩具，但從長期發展來看，目前全世界有30個國家將電玩遊戲當成重要產業，臺灣也必須深刻思考，教育部會在三個月內提出相關辦法。
597,人數維持21000人；另一款電競遊戲則是遊戲橘子的「跑跑卡丁車」，經由電競，每月數百萬元營收，成長到每月4000萬元左右營收，昱泉及網龍分別有新遊戲「界天」及「亞特蘭提斯」即將上市。
599,本人住的是主樓28204房，客房服務人員和前臺小姐、門童的態度都十分好。
601,實在是庭院深深，適合有車的朋友住。
603,賓館反饋2008年8月13日：感謝您選擇入住西湖四季酒店。
605,感謝您的點評，並期待您的再次光臨！
607,空調溫控不好，暴熱，呵呵。
609,出門左轉50米就是地鐵站，東四十條上打個車也方便，地段不錯。
611,月壇北街上的護國寺小吃我也老喜歡的。
613,一家4星級賓館，設施方面實在是不敢恭維。
615,但就這一點，我想我以後是不會去住了。
617,地理位置：正對長春火車站，優點：方便乘火車的朋友，缺點：感覺環境有點亂，物價較高，但周圍各種飯店很多。
619,我們正對電梯，所以電梯停靠和人聲比較嘈雜。
621,是我在北戴河附近住過的的比較舒適的飯店，是凱萊管理的，從服務到設施都比較正規。
623,服務也不錯，效率很高。
625,位置還比較好找，交通、娛樂、購物都比較方便，服務一般化，進門都沒人理，房間太小了，隔音很差，早餐品種太少又不好吃，弄髒了一塊小毛巾又不是洗不掉就讓我陪10塊錢，房費已經預付了，結帳時只需要退我押金就好了，結果等了將近半個小時，前臺就一個人，對這個酒店很失望！
627,早餐嗎？別說可口和品種多樣了，不誇張地說，連填飽肚子都成問題，不行你就去試試！
629,空調的溫度調節器很糟糕，搞懂該怎麼調會費你許多時間，不信可以去試試，哈哈哈哈哈哈。
631,下次不會再入住順利大酒店，打算去住“莫泰崇明八一店”。
633,韓日旅遊團住這裏的很多，前臺服務冷淡。
635,賓館反饋2008年7月17日：酒店針對客人提出的問題，現已認真整改，希望每一位入住渤海明珠酒店的您都能高興入住，滿意而歸。
637,唯一不好的是電視，最早的那種21寸彩電可能，我住的房間沒出問題，朋友的房間進去電視不能開，找服務員，服務員很快搞定。
639,攜程訂單下了，可是酒店內部協調慢，抵達後等了很久纔拿到前臺；前臺男服務員很差，陰陽怪氣的。
641,我住的是特色大房，很好，以後去福州一定還來住這個。
643,酒店服務不太好，咖啡廳的餐飲非常茶品種少，樣式老，酒店隔音效果非常不好.
645,攜城價格是620NET不含早，我朋友通過旅行社是610含早，所謂的500元只是第一天的價格，很有欺騙性.
647,以前有國外朋友來上海，一直比較推薦鑽石，他們也比較滿意。
649,服務生很周到，攜程和酒店的合作應該很好，有水果送，又可以免費洗燙2件衣服，而且速度很快，我們去的時候有人開會，估計佔了很多房間，沒有相應的房間了，酒店免費給我們升級，入住商務房。
651,我是出差在瀋陽，本來我以前已經買過一個，這次的本本是幫朋友買的，比原來的性能和配置有所提高，但是價錢反倒降下來了，提高的地方主要有兩處：一、N270提高到N280，六芯鋰電的容量從4400毫安提高到了5200毫安，很值得購買，我用了兩個月，樣樣功能都很好！
653,對於攜程優先推介此酒店非常不滿，絕對是給的返點比較多。
655,希望其他要入住該酒店的客人要對其價格從各種渠道，各時間段認真覈對，才下訂單。
657,到了酒店，問司機接機費多少錢時，竟然告訴我是免費的！
659,海景不錯，屬於在威海最好的吧。
661,酒店外表及大堂看上去挺好的，本來對它也挺有信心的，而且就在市中心，出行挺方便的，可是從進電梯開始就比較惡夢了，那電梯一點都不像是酒店的電梯，而且從電梯到房間都是一股濃濃的很難聞的味道，很噁心，我訂的是標間，設施陳舊又簡陋，實在不敢恭維，還說是三星，我覺得它只比招待所好一點點而且，248的收費簡直是太過分了
663,而且很骯髒，真的很骯髒.
665,早上連他們那所謂的早餐也不想去吃了.
667,是商務旅行的理想選擇。
669,跟門內環境差距較大，希望改進.
671,近期大連銀帆賓館主樓裝修改造工作已經完成，您所指的應該是康體俱樂部大樓的短期工程，現將儘快整修，感謝您在銀帆裝修期間一如既往的支持。
673,一家三口入住兩天，很滿意的一家賓館。
675,服務較好，前臺速度可以，行李生和免費電瓶車司機非常有禮貌。
677,不過也有好的方面：最近一次入住長話免費打，雖然我幾乎不打；早餐不貴，而且很多健康食品。
679,酒店大堂環境不錯358的房價還是物有所值，辦理入住很快很順利，讓我心情級差的是前臺結帳時服務員的傲慢和冷漠態度讓人不敢恭維！
681,搞不懂怎麼做服務行業的？由於自己的工作失誤，給客人帶來不便，好象是應該的，還很理直氣壯。
683,地點在市中心，出行方便，服務態度好。
685,早餐豐富，燙乾絲味道佳，娛樂設施比較齊全，桑拿浴比較豪華，據說在儀徵是最好的，價格也不貴。
687,更可怕的是3日凌晨小偷竟兩次光顧我的房間，而且有鑰匙打開房門，幸虧我上了防盜鏈，沒有進來。
689,打電話到酒店，總臺和服務員分別肯定地告訴我沒看見，哎，只好自認倒黴嘍。
691,房間設施一般，洗面盆的冷水超級小，只有熱水纔是大的，害得我洗衣服超級不爽。
693,連最起碼的兩瓶免費礦泉水都不給提供。
695,最大的優點也就是價錢比較實惠，另外有免費停車場（如果住在古鎮裏面，白天是不允許把車開進去的）。
697,房也在3樓，窗子看出去是個平臺，很壓抑的感覺，衛生間有股很難聞的怪味道，電視機很小很破的那種，服務也不太好，反正我覺得有受騙的感覺。
699,我們忍了，但友情提醒以後來入住的旅客，對這裏的服務期望值不用太高。
701,「臺北暗殺星」加油打氣，獲勝的瞬間，許多人興奮大喊「贊啦！
703,網友盛讚TPA是臺灣之光，「悅悅」表示，TPA的榮耀使臺灣與世界的距離又拉近了一些，還有人開玩笑地表示，以後10月14日就是「電競日」、2012年?
705,臺灣帶來榮耀，會不會有一堆官員跳出來錦上添花討好處，批評政府只會在選手於國際賽事奪冠時來沾光，當選手默默耕耘時卻是不聞不問，網友「yen21」幽默地表示，TPA奪冠的消息，一定會成?
707,相關新聞：史上最高金額「英雄聯盟」電玩賽「臺北暗殺星」奪冠！
709,最後希望他們可以送雙早!謝謝!:)賓館反饋2008年2月15日：您好！
711,您反映的問題客服部已記錄，我們會在以後的工作中改善，謝謝！
713,賓館反饋2008年8月8日：感謝您選擇下榻本酒店！
715,歡迎您再次入住，衷心祝您身體健康，工作順利!
717,賓館反饋2008年7月8日：首先感謝您此次選擇下榻虹橋迎賓館！
719,酒店員工將一如既往，不斷努力，服務好每一位客人，提升服務品質，爭取更多的賓客滿意率！
721,~~~~~~總之跟服務檯說什麼他們都不答應，都不能得到解決。
723,試想一下，當夜已很深，你正準備入眠的時候
725,它本來應該得9星的，雖然這個世界上並不存在這樣完美的家園.
727,出於禮貌我讓了，但心裏很不舒服，希望攜程的價格能更低點
729,聽朋友說那裏的小姐比較宰客，談好的價錢只是臺費，最後還會另收天價小費，不給的話，會有雞頭進來跟你談，挺恐怖的，最好不要嘗試。
731,真誠的希望您下次再到我酒店來，感受一下我們酒店的其他房間，如健康單間，商務標間，豪單，豪標等.
733,賓館反饋2008年4月16日：首先感謝您對我酒店風景和服務的肯定，酒店的水管會進一步的維護和保養，完善現有硬件設施
735,開始拿到的房間，房間內充滿很強烈的煙味，實在忍受不住，要求換房，不知是否前臺有意見，給換了一間比前一間小的多的房，算了，將就一下睡一個晚上吧，心想。
737,太小了，對於大塊頭的客人來說有點緊張。
739,賓館反饋2008年8月4日：感謝您的點評，酒店會重視您的建議，不斷完善產品，期待您再次光臨，入住體驗，並給予我們更多建議。
741,暖氣小到我感冒到現在還沒有好.
743,我們會努力改正您提出的意見，加強員工的教育，真誠希望您的再次光臨！
745,客人來過都表示氣味難聞，很尷尬。
747,強烈建議不要入住！
749,在三亞灣又不是亞龍灣，這個價位沒有優勢，得不到相應的要求。
751,房間裝修時尚、溫馨，用品乾淨舒適，而且有鮮花和水果贈送，有家的感覺，服務熱情周到。
753,住後感言：同樣的服務，他們更驚喜；同樣的微笑，他們更真誠！
755,房間裏細節都考慮得很好，給人很溫馨的感覺，不錯！
757,祝工作順利！
759,酒店、樓下餐廳、酒吧、日式料理都是科技大廈單獨承包出去的。
761,9月30日我給朋友（從德國來湖南打算去張家界）預訂了2間房1晚，第2天早上結帳時服務員硬說房間少了1個衣架，我朋友只好上去6樓看，結果是服務員數錯了。
763,電視搖控器不見了，後來在我強烈要求下，酒店人員可能動用百度搜索到搖控器，這才罷休！
765,進入房間後非常舒服。
767,我住的是2樓，窗戶不能上鎖，不夠安全.
769,酒店環境很不錯，服務也很好。前臺的接待很親切，連每一個遇到的清潔工都會主動和你說"你好"
771,我入住的時間是4.4~4.6，沒空調真的有點熱!補充點評2008年4月7日：還有酒店的免費接送機服務也是我選擇入住的原因之一!省時省心!好!
773,酒店只會對客人不好的點評做出辯駁，這樣的酒店還有生存知道嗎？難道堂堂掛六星的酒店（根本就不是國家旅遊局頒發的）就是以這樣真誠的態度回饋你們的客人嗎？其他的就可想而知了。
775,真心祝願您“七夕”情人節快樂！
777,最不好的是地方比較偏，酒店所處位置說得好聽的是新城區，直白的就是差不多就是郊區了，好在汕頭並不大，到市區繁華的地方也花不了多少時間。
779,我是聽西門子的朋友推薦選擇這家酒店的，訂的豪華間，總體感覺不錯。
781,這裏服務挺好的，沒有前面朋友說的那麼糟糕，聽說我是西門子的還主動幫我upgrade！
783,每次預定，該酒店總是聲稱無法保證安排安靜和有寬帶的房間，明顯不重視攜程的客人。
785,想，不要推薦這樣服務死板的酒店，本人今後決不入住該酒店。
787,呵，還有一大優勢就是從賓館出發，步行不到十分鐘就可以到梅蘭芳故居等等，京味小衚衕，北海距離好近呢。
789,住過的最差的之一１．房間極其悶，在高原本來就缺氧，悶在房間裏極易加劇高原反應；２．簡陋。
791,酒店裏的服務態度超差，餐廳裏的服務員的素質就更差，當時我一個人去吃飯，看見菜單上寫的酸菜魚是8塊，當時還告訴了服務員我就一個人，心想一個人正好，又點了其他的菜，誰知道付錢的時候告訴我酸菜魚是35元的，錢倒是其次的，明知道我一個人，還一個勁鼓吹他們燒的多好吃，鬱悶！
793,最不能容忍的是有很多小蟲子，到處亂爬.
795,最近我和幾個朋友自駕游去揚州，經朋友介紹住在新世紀，第一感覺停車場特別大，可以同時停放約300--400輛車.
797,優點：早餐很不錯，去周邊主要商業區也不遠。
799,4、沒有全天的暖氣，實在搞笑，問前臺說要五點以後才提供，這樣的大酒店我想和小旅社都有區別，小旅社還提供24小時暖氣呢。
801,最主要前臺小姐服務很不好，冷冰冰的，尤其是那個臉蛋胖胖的小姐，臉上象塗過糨糊一樣，一點沒有微笑。
803,讓人匪夷所思的是衛生間的門，居然是透明的，又不是情色酒店，入住的不是情侶只是朋友就算是同性也感覺怪怪的，沒有任何隱私。
805,賓館一半的房間都沒有陽光、不通風。
807,衛生間的馬桶是壞的~~一不小心能把馬桶給摔碎。
809,廁所的味道，噁心。
811,太差，根本不夠四星級。
813,自助早餐很豐富，但是價錢比較貴。
815,酒店大堂秩序比較亂。
817,希望攜程網有所改進。
819,不過在人性化設置上要予以改善。
821,在今後的服務中我們會不斷改進，同時針對每位客人給我們提出的人性化建議進行改進，不斷提高。
823,單就缺點羅列如下，望改進:房內夜間有異響.
825,請要入住該酒店的朋友們入住時一定要清點你房間的消費物品.
827,補充點評2007年11月13日：不過貴陽整個就是一個髒亂差的典型，東東還貴得嚇死人，去貴陽的話就不要抱什麼美好的願望了！
829,只是checkinandcheckout慢一些，還要提高。
831,正值奧運期間，登記手續比較繁鎖，我們正在研究工作細節，儘量簡化登記手續，期待您再次光臨，並對我們的工作提出寶貴建議！
833,餐廳的服務員態度不友好，免費提供的早餐有的在早上八點就沒有供應了蒸雞蛋和炒米粉，小妹與服務員交涉兩次未果，早餐供應時間是到上午九點結束的.
835,對客房服務員要進行培訓，當客人房門門鎖上掛了"請勿打擾"的字樣，希望不要再擅自進入客房，這是對客人的尊重.
837,非常安靜，房間窗外就是山林，空氣很清新。
839,除此以外，金海棠都很好，強烈推薦！
841,晚上22:30左右入住，前臺接待很冷淡，無笑容
843,定得是豪華套間，但一點都不豪華。
845,我住了5天，而且從沒提過中途退房，最後攜程告訴我酒店說我只住了2天就退房了，雖然最後是解決了，但很不爽唯一好得，酒店工作人員還比較熱情
847,一樓大堂西側有一個酒吧，晚上和幾個朋友一起小坐了一會兒，裏面環境不錯，東西也不貴，同樣憑房卡還可以打8.8折。
849,有生以來入住過的最恐怖的酒店之一，可以跟印尼雅加達郊外的酒店媲美（笑）！
851,廁所骯髒，長年累積的污斑，臭味，令人無法如廁。
853,和老婆一起在揚州度了三天的蜜月，在酒店住了三天，感覺很不錯，是目前我們住過的最好的三星級酒店了。
855,總提感覺還是相當不錯的，去揚州的朋友建議你們去住一下~哈哈
857,補充點評2008年7月9日：很不錯的一家酒店，在當地來說是最好的了.
859,我只說說缺點，拿到手後發現風扇發出很尖銳的高頻聲音，安靜的時候很是不爽。
861,的聲音，經過仔細觀察，是底殼和板子邊緣產生的，稍微處理一下接觸部位解決。
863,還好，酒店的應急方案不錯，並送了一份水果致歉，最好告訴我說是新來員工擺烏龍，這個理由有點勉強。
865,心中對這家酒店的感覺一下就十分不好。
867,希望攜程把好協議酒店的關，不能讓此類酒店誤導客戶。
869,酒店的設施極端簡陋，洗手間裏連浴簾都沒有，洗個澡滿屋子的水！
871,入住時酒店的服務很好，大堂和房間一般，入住後發現房間的硬件較差，比如空調，馬桶，尤其是電視遙控器非常差，幾乎不能用。
873,美中不足是行政樓層房間有些狹小，空間略顯不足！
875,總之非常值得推薦入住！
877,賓館反饋2008年7月31日：謝謝您長期以來對我酒店的關心和支持，我酒店即將申報四星級酒店，我們在硬件的改造的同時，軟件服務上也加強和提升，爭取讓每一位賓客都滿意。
879,不過不怎麼喜歡他們的制服啦，花花的，很難看。
881,補充點評2008年1月28日：說錯了，是虎丘，哈哈~~
883,賓館反饋2008年1月16日：感謝您對大連銀帆賓館的良好評價！
885,銀帆賓館歡迎您！
887,外觀是重點，的確挺好看，有點imac的風格，不過拿到手的機器上面不知道蹭了點什麼黑，還好能擦掉，而且最讓我鬱悶的是y330這款在vista下對顯卡的評分竟然比我的y430還高！
889,6芯電池保證3小時以上的使用時間
891,我在京東網買的華碩筆記本，第二天就發現嚴重的問題，無法使用。
893,去自提點拿回來拆開一看，本本的體積很小，六芯的電池續航時間長，金屬質感拉絲外殼做工和手感一流，鍵盤打字很順暢、舒服，比一般本本好用，散熱好，開得時間再長也不燙手，風扇聲音很輕幾乎聽不到。
895,用過好幾款上網本，鍵盤算是上網本當中最舒服的了。
897,做工說不上精細但也還沒什麼發現什麼缺陷，操作系統安裝順利，附帶DVD中有全套XP、VISTA驅動。
899,led冷光屏感覺更舒服，顯卡很好，加2G內存以後，最高質量情況下實況2009完美運行，流暢無比。
901,本人一年前開始用華碩EPC900，相比之下，EPC1000HE的鍵盤手感比900的要好，尺寸大了，男士也用得舒服。
903,儘管實際上沒有9.5小時，但是用上7個小時是沒問題的，完全可應付移動辦公，比EPC900的1.5小時提高了不少。
905,鍵盤手感相當好，筆記本上方的攝像頭也很食用。
907,系統上網，看片相當好，可能是進行了優化。
909,生日禮物又送我一臺可是卻這麼不好～～我需要個解釋。
911,刪掉預裝系統後纔好安裝XP
913,挺快的，這個價錢這個配置很值得
915,機器運行狀態有些電源等等的白色指示燈很漂亮內置話筒和攝像頭視頻比較方便人性化的設置比較多如開機狀態在電源插入和拔出的時候有警告聲易於控制工作時間靜音鍵快捷導航鍵等等還是有一些比較出色的UE方面的設計發熱量一般有好幾種電源模式可選送貨速度快服務好
917,呵呵收到的是完美屏，可視角度很大
919,配置比價均衡，玩一般的遊戲應該也撐的住了。
921,精緻，做工雖然比不上Z系列但是也算得上是筆記本中的上乘，而且在sony的本本里性價比算比較出色的。
923,我是3699購買的，呵呵。
925,高興啊，立刻取消訂單，重新再定，自提。
927,用了一個50元券，花了2649入手的，價格而言是無敵了，當然你要是3199入手，價格上就沒有優勢了，產品秉承了華碩的一貫品質，各方面做工都優於MSI的，?
929,鍵盤手感極好，打字噪音小。
931,電池容量高達56Wh，續航能力強，可使用3～4小時，電池芯是韓國的，控制芯片是三星的。
933,鼠標，嘿嘿，只能用兩個字形容：安逸！
935,友達LED屏，獨顯，滿意，到手是完美屏，不錯
937,關鍵還是不錯的散熱，做工，設計，非常適閤家庭娛樂使用。
939,看見許多朋友裝XP都很成功，所以急切希望用S97V這款筆記本的朋友們把XP下的驅動共享出來，總體來說，不錯
941,準備裝成XP估計就會好很多。
943,全鍵盤帶數字鍵的顯卡足夠強大.
945,貢獻下驅動地址:http://dlsvr01.asus.com/pub/ASUS/nb/F9Dc/Fingerprints_XP_080530.
947,前面有位兄弟說的網卡驅動丟失的情況，我也遇到，後來換了一個版本的XPSP3後就沒事了（開始裝的是XPSP2的）。
949,運氣非常好，完美屏，沒有亮點暗點壞點.
951,1、配置足以滿足我的需要；2、屏幕完美，整機外觀不錯；3、發熱還行，沒說的那嚴重；4、聲音效果還行；5、鍵盤按?
953,品牌價格低，配置也均衡，xp很容易裝，跟普通裝電腦沒兩量，給後來買的朋友一點建議吧，用深度的xp，按F2進入bois，設置光驅?
955,重量也比想象中輕些，中等水平吧沒有什麼多餘的亂七八糟的東西，特別是音量調節鈕是按鍵的而不是觸摸式，觸摸式完全不實用
957,附帶軟件比較充足，有送一年免費的殺毒軟件，驅動和VISTA光盤都有。
959,而且在節能上做的不錯，能夠自動調節頻率和速度，不開遊戲瀏覽網頁的時候，功耗降低的很明顯。
961,娛樂上網本，能夠滿足基本需求。
963,總之一句話，適合自己就好！
965,跑遊戲還是差了一點點。
967,唯一美中不足之處在於我離店之後發現手機充電器遺忘在房間，打過去電話詢問前臺居然不知道此事，後經服務生及清潔人員仔細尋找才找到（其實就在插座上）。
969,是LINUX系統相當及其噁心，不知道這狗日的是什麼想法要強行逼我們使用啊買了兩臺電腦一個事VISTA系統一個是LINUX就沒見一個XP的網上銷售這東西最重要的是打架儘量不要涉及到售後服務這塊儘量是都搞好了相安無事其實網上的售後服務比沒有售後服務還差勁我的THINKPADSL400就是因?
971,也請管量員不要刪了，給大家一個機會，大家好纔是真的好！
973,主流數值計算軟件matlab可以順利安裝並運行，運算速度比主流cpu要慢一半（超頻時）6主流視頻播放非常流暢7改xp系統很容易。
975,圖取自科技部落格AndroidPolice)《AppleInsider》週一15日)報導，美國聯邦調查局FBI)網路犯罪投訴中心IC3)發出警告，提醒Android系統用戶注意惡意木馬信件的問題。
977,手機系統內部若有加密功能，勢必要加以設定，可保護個人資料不至遺失或遭竊。
979,行動設備提供保護，這也是對於設備內容的第一層實際屏障，應設置鍵盤鎖功能，讓螢幕閒置數分鐘後自動上鎖。
981,小心軟體的定位功能，這種程式可以追蹤用戶所在位置，便於應用在行銷企業，但也可能被用作惡意跟蹤甚至行竊目的。
983,然而這一過程往往容易產生龐大安全漏洞，讓外界攻擊變得更加容易。
985,如果決定轉賣或交換手機設備，確定將內部資料清除乾淨，恢復到出廠設定，以避免個人資料遭到外流。
987,你的手機安全預防措施，保護程度應該和用電腦上網時一樣穩固。
989,優點就是便宜這款機器不帶操作系統是在是麻煩，還好自己懂點電腦知識要是個不懂電腦的這個非要被氣死?
991,刪掉預裝系統後纔好安裝XP
993,屏幕大，和上面交待的分辨率不一樣是1680*1050的，散熱不錯，電池續航能力不錯光是瀏覽網頁不玩大遊戲的情況下曾經用了4個小時還有百分之10的電量，贊一個。
995,外觀是藍色的，其實本人更喜歡黑的，只是沒有。
997,最喜歡的是旅遊時可以隨時讀取ＳＤ卡，隨時上傳ＰＰ。
999,建議配合效果好的散熱座用，送的那個散熱座很垃圾！
1001,人品還行，完美屏，內存三星，硬盤西數，屏幕也是三星的。
1003,老爸叫我回報一下之前狀況也是冷氣剛開會有酸臭味我爸說只要開送風就會有，冷氣吹幾分鐘後＋開窗才會淡掉最近幾天告知老爸網路上也有一樣狀況他就打電話給當初的業務請他處理業務請我們去原廠裝負離子空氣濾清器（有點不確定名字）800元神奇的是弄了一小時之後，真的沒有味道了！
1005,音響的聲音一般，但音量是足夠的。
1007,看似乎不是很平整，我的外殼是白色的非常漂亮，發熱可以忍受，在夏天放大腿上基本上是溫溫的而不是燙人的感覺.
1009,顯卡是65nm的，估計是9300GS的馬甲，nVidia的老把戲，估計再這樣玩下去要NV倒閉了。
1011,是正品行貨，我花了8元選了圓通快遞，效率非常的高，從下單到收貨只用了一天，感覺很不錯，聽說系統很難裝就花了50大洋找人裝的，現在用起來感覺很不錯，速度飛快，還是完美屏的，發票
1013,外觀帥氣，精緻，顯示燈豐富，配置合理，VISTA下評分達到5.1，顯卡強勁達到5.9；各種模塊齊全，攝像頭藍牙都比較實用，音響效果的確不錯；之前大家關注的散熱問題，我也覺得滿意，北京那麼熱，我連續用半天，跟同學多臺電腦相比熱量沒他們的明顯，個人覺得大家不一定聽取某些人的片面抱怨，聯想還是值得信賴的大品牌；裝系統還算方便，隨機有VISTA驅動光盤，XP的可以再官網下。
1015,散熱很好，開機一天，感覺不到什麼熱量，同事的惠普已經在燙手了屏幕上網有個小燈，晚上關燈使用電腦的時候，感覺很好小黑運行很穩定，沒出過什麼問題買了一個月了，沒有出現過任何問題，還是相當滿意的京東的送貨速度比以前快多了，週一下單，週三到，好像是京東自己的送貨員呢，這一點很好
1017,第一次在京東買筆記本，有點擔心，不過看來是多慮了，完美屏全新機
1019,網上的軟件資源非常豐富，這是我買它的最主要原因；3.
1021,其他廠商的用壞過不少，老款的一些現在還有幾個基本成了垃圾。
1023,第二臺電腦的職能，便攜夠用，當然光驅除外，遊戲免談。
1025,閨蜜買了一個，我看到覺得外觀啥的還不錯，價格又那麼便宜，正好考慮換電腦，就定了~速度還可以，本來還買了一個1G內存，想擴到2G。
1027,標配2G內存和120G硬盤，內置DVD刻錄機，搭載NV9400獨立顯卡，滿足日常需要沒有任何問題！
1029,CPU顯卡也完全夠用，接口也非常齊全，總體來說很滿意！
1031,紅白分明，顏色漂亮；我個人更喜歡金屬條的logo，可惜這款是一個圖案3.
1033,動項的時候，偵測震動的那個功能不要關，那個是保護硬盤的。
1035,一、最顯著的優點是電池使用時間長；二、配置比較齊全，藍牙、攝像必備的都有；三、做工還不錯，烤漆的也比較漂亮；四、小巧便攜，就一本雜誌大小，一般書包就能裝下；五、品牌還可以，網上的資料相對較全；六、一般情況下硬盤和風扇聲音還不算太大。
1037,東西不錯，烤漆面漂亮，機器運行穩定，速度快。
1039,鍵盤挺舒適（可能本人的手也不大）。
1041,鍵盤很好用，按鍵挺舒服的，但是空格鍵有點異樣的聲音3.
1043,大堂的服務員很熱情，有賓至如歸的感覺。
1045,電腦工程師很專業和有效率，及時幫我排除了一些難題。
1047,有外接顯示屏的接口，SD插槽對我來說很有用。
1049,本人兩天前4999時下的單，昨天下午最後截止日提的貨，系統還沒換，電池沒充電，不過現在又有點資金，看中一款2530p，想把昨天拿的這款出手。
1051,有攝像頭和麥克風，可以直接進行視頻聊天，讀卡器，能兼容市面上常見的卡，整體性能非常好
1053,沒有一部可以直接打得通的電話，有一部聲訊電話，打10次。
1055,而且實際使用後發現它的很多自帶的實用軟件非常出色，非常人性化！
1057,ThinkPad基因之一機器雖然有點重，但是感覺很紮實，比某些“娛樂本”紮實很多。
1059,其次，從配置上來看，比較均衡，並且據評測，顯卡的能力要比105GM強；LED的屏幕比TFT感覺舒服，200萬的攝像頭也實用。
1061,遠不如以前的IBM，現在做工差，模棱角及邊緣有明顯的劃手，其次就是如細微觀察，就是兩個筆記（我買了兩個）質量有明顯區別，上次買個lenovoy430高配置，有問題，還退掉了，商品有問題，反正就是湊合吧！
1063,要求給一個滿意的結果.
1065,MM在做健美操，意外收穫：早餐比上次好很多，新加的番茄雞蛋卷很好吃。
1067,心中竊喜：；一個字“爽”下次還會住！
1069,1、服務沒得說，MM長得也漂亮2、看來沒有拆過，封裝的很嚴實，好像也是第一次開機，彷彿看見清純MM向我招手3、在一樓自己檢測，音效還不錯4、測壞點，用了優化大師，慚愧，反覆好幾遍，我還是沒看出來有沒有，不會看啊，汗5、不漏光吧，屏幕效果很好，看半天眼睛也不累6、鍵盤溫度不是很熱，有人說的風扇響聲大，完全能忍受
1071,最爽的是六芯電池，充滿電可以用四個小時，我很滿意
1073,一點不足的是鍵盤不是很滿意，如果用慣了ThinkPad，尤其不適應，不常用Notebook的可能就不會太在意了，比某些國產的品牌還是稍好的.
1075,要求換貨還要客戶跑到廠方維修部出檢測證明，換貨過程中返修單留言多日無人迴應，售後電話等待時間超長，服務承諾10天完成換貨週期實際用了15天，換貨過程中間價格降低400多沒有價保（一次都沒有用到），商品服務都是垃圾等級的。
1077,但是linux的硬盤mbr和xp的不一樣，所以，用winpe裝系統的朋友，請在用分區管理工具重新分區後，記得更新硬盤的mbr。
1079,上網文字處理這些就不說了，集成的聲卡質量比以前用的R61有所下降，音量倒是夠，顯卡略微有些不足，但低配能達到這個效果還是滿足了。
1081,顯示效果好，很白很透亮。
1083,安裝系統是麻煩，主要是LINUX的原因，用魔術分區分完格式化後仍然不能進入Dos，這時需要用FDISK命令，但要加參數MBR，也就是鍵入FDISK/MBR就解決問題。
1085,辦法挑剔了，而且還三年保，幫人幫到底
1087,此打了十二年官司向清潔員追討，行政訴訟環保局已敗訴定讞，環保局轉而打民事訴訟，要求十八人返還不當得利共一百九十一萬元，臺北地院宣判環保局又敗訴；仍可上訴。
1089,這十八名清潔隊員都是聘僱人員，支領獎金因考覈、請假狀況而不同，其中有八人領滿兩年的全額獎金共十四萬四千元，只有一人低於八萬；經過十幾年的爭訟，至今已有六人離職。
1091,張姓清潔員答辯時說，借調之前長官就說了不會影響獎金，事後卻任意更改勞僱契約、調整薪資結構，「要我退還已領的薪水，不只侵犯員工權益，更破壞人民對政府的信賴，實在鴨霸！
1093,向攤販強收保護費歌手魏如萱、魏如昀的父親魏懷良，是竹聯幫桃園縣「太極堂」的中常委，他涉嫌在桃園市金闕宮成立堂口，恃強凌弱，向八德市大湳市場攤販強收保護費，不繳錢就恐嚇攤販「叫垃圾車來拖走你的攤位！
1095,警方起出帳冊顯示，遭強收保護費的攤販超過20個，每月上繳18萬多元；警方說，攤販若哀求調降保護費，魏懷良的左右手張嘉模，就會帶10多名手下登門恐嚇「公司有一票人要養，不繳錢就別擺攤，我會叫垃圾車來拖走攤位！
1097,佔地盤圍事販毒討債魏懷良涉嫌指揮手下佔地盤圍事、販毒、經營地下錢莊與職棒簽賭來賺錢，也曾代人出頭，向龜山鄉一處工廠索討3000萬元的債務，對方還不出錢，就派手下圍廠，限制員工進出。
1099,〔自由時報記者張瑞楨、歐素美／臺中報導〕前一秒，母子還開心慶祝兒子的生日，下一秒，卻變成兒子目睹母親慘遭撞死的悲劇！
1101,（中央社記者吳協昌洛杉磯20日專電）「好萊塢報導」指出，今天公佈的倫敦影評人協會獎，臺灣導演李安擊敗同樣入圍奧斯卡金像獎最佳導演的奧地利導演麥可漢內克，贏得年度最佳導演獎。
1103,「少年Pi的奇幻漂流」也贏得技術成就天空3D獎，入選年度10大影片。
1105,奧斯卡獎提名揭曉後，李安在最佳導演獎的聲勢不斷攀高，先是在北卡羅來納影評人協會獎贏得最佳導演，隨後又在倫敦影評人協會獎再奪下年度最佳導演，聲勢水漲船高。
1107,〔自由時報記者童涵旎／高雄報導〕情侶吵架，卻演變成打警察的妨害公務案，不僅捱打的警察喊倒楣，自嘲是無辜第三者，涉嫌打人者也喊冤，說自己只是失手，一切都是誤會，「代志沒有這麼複雜啦」。
1109,蔡女覺得兩人個性和背景差異頗大，上月提出分手，但曾某不願意，軟硬兼施希望女友回心轉意，卻都沒有進展。
1111,員警擔心情緒激動的曾某會傷害蔡女，站在中間將兩人隔開，但曾某一直逼近蔡女，警方不斷擋住曾某，要他冷靜點，雙方發生推擠；此時，員警身上的手電筒掉在地上，沒想到曾某竟撿起手電筒，不但敲打員警頭部，還抓狂大吼「讓開」，情緒火爆。
1113,按讚的男網友多醉翁之意不在酒，只是想尋找一夜情。
1115,她不否認PO美照及文章，某種程度也是滿足虛榮心，看到贊數不斷累積，代表曝光度越來越高時，很高興。
1117,新埔鎮15日發生住宅火警，林姓屋主雖逃至窗邊，對外揮舞雙手求救，但卻遲遲等不到消防局人員的水柱救命，林姓屋主最後葬身火海。
1119,長榮航空總經理鄭傳義表示：「我們很高興民航局再次肯定了長榮航空過去一年的表現。
1121,但是，沒有飛航安全就沒有服務品質，旅客只有在安心的環境下，才能體驗我們不斷創新，物超所值的服務品質。
1123,除了國內最高榮譽，由德國專業航空機構AEROInternational每年透過德國權威數據評估中心（JACDEC），針對全球八百多家航空公司之飛行年數、近十年來重大意外事故件數統計，及近三十年來航機失事件數等基礎進行評比，甫於十八日出刊。
1125,值得一提，今年排名大躍進，創歷年新高，與知名航空公司如芬蘭航空、紐西蘭航空、國泰航空、阿酋航空以及阿提哈德航空齊名，自二○○三年以來，長榮航空已連續九年進入全球十大最安全的航空公司。
1127,自開航以來，從內部員工安全教育、導入新科技作業系統，到落實航機維修、地勤作業及飛行操作，以確保飛安品質。
1129,飛安帶來更多保障，也提供旅客更安心的服務品質。
1131,國民水準愈來愈高，人家覺得我們有這條件，護照沒有去騙人，簽證被拒絕的比例從過去超過三％，已經降到了一.九％。
1133,外交人士透露，我方對中國僑民申請護照的審覈相當嚴謹，「申請人大概要是諾貝爾獎得主纔可能成功吧！
1135,不過中國長期以來一直支持這個難以預測的盟邦，主要是顧慮到北韓不安的情勢可能會造成涌向兩國邊界的難民潮、美國勢力在朝鮮半島擴展，甚至最終帶來兩韓統一，這都是中國不願意見到的事。
1137,二○○六年，在北韓試射一枚彈道飛彈兩個月之後、進行第一次核試前一個月，北京曾悄悄減少對北韓的石油供應，後來的貿易資料才使這件事曝光，北京隨後乾脆不再公佈相關數據。
1139,伊斯蘭北非開打組織（AQIM）在一九九○年代被阿國軍隊擊敗後，撤退到馬利、阿爾及利亞、茅利塔尼亞間的撒哈拉無人地帶。
1141,有了充足的財源，但武裝份子卻缺乏取得重型武器的管道。
1143,二○一二年，遊牧民族圖阿雷格族人希望可以在馬利北部建立自己的家園，但此目標很快遭到開打與其他極端組織挾持，控制了馬利北部。
1145,法國在過去兩週來對馬利北部的AQIM發動懲罰性空襲，AQIM是否有時間來策劃新一輪恐怖攻擊仍是未知數。
1147,由於美國、英國決定不派兵到馬利，法國也希望避免軍力部署過度，因此西方各國只能倚賴當地軍隊，但當地軍隊並不會全盤接受外界建議。
1149,馬利軍事力量也弱，任何長期的解決方法都要考慮到國內政治。
1151,種種因素顯示，北非的恐怖組織將會讓美國與盟友面臨更大的考驗。
1153,梵蒂岡對中國最主要的不滿，是境內天主教徒的宗教自由受到壓制。
1155,本篤十六世曾在五年多前對中國天主教徒發出牧函，要求統一中國控制的教會和地下教會，結果情況變得更糟，不但許多效忠梵蒂岡的主教被逮捕或隔離，在估計有一億信?
1157,福禱後，呼籲敘利亞結束暴力、以巴早日談判，以及中國新領導人尊重宗教貢獻、尊重個人，並協助建立一個友愛的社會。
1159,〔自由時報記者吳仁捷、鄭淑婷／新北報導〕「幸好不是心臟病，否則…」新北市海山消防分隊昨出勤救護一名骨折老翁，剛抵達樓下就遭醉漢持旗杆攻擊，2名救護員無法下車，直到警方趕來制伏醉漢才得以上樓救人，耽誤14分鐘；救護員表示，救護車受損事小，若延誤黃金救援時間，「萬一枉失一條寶貴人命怎麼辦？」家屬氣…還好病患沒事湛姓老翁妻子昨天受訪說，丈夫在家中上廁所時，不慎跌倒左肩骨折，家人十分焦急，沒想到還遭到醉漢阻撓耽誤送醫時間。
1161,醉漢擋道，在車上多停留14分鐘，如果是心血管急症患者，超過6分鐘就可能腦死失救，痛批醉漢失序行徑。
1163,救護員沒有隨身護具，宜避免正面衝突及閃躲車上，通知警方到場處理才妥適。
1165,單親父母禁忌談「收入或負債」，子女最困擾的則是「家裏沒有錢」，家長擔心孩子會被歧視或排斥比率佔三○％，顯示社會對單親家庭不太友善，是單親家長說不出的另一隱憂。
1167,高達八二％家長希望單親孩子要更懂事，但僅五一％子女感受到父母的這份期待。
1169,單親家庭加油打氣，讓大家瞭解單親家庭親子間的問題處境，單親家庭遇到困難要尋求協助管道，社會也要給予更多的包容與關懷。
1171,調查指出，7成2偏鄉弱勢童家中教育資源不足，近6成偏鄉弱勢童家中沒有電腦或網路，6成6偏鄉弱勢學童家中書籍不到10本，5成5偏鄉教師表示常得幫學生籌學費。
1173,兒盟表示，偏鄉弱勢孩子不僅吃不好、穿不暖、生活貧困，學習貧窮的狀況更令人擔心，包括學習資源、學習能力和學習機會也都相對貧窮，這樣的情況令人憂心，也擔心這些孩子的未來會陷入繼續貧窮的循環。
1175,「項圈系列」由3百多條遭到遺棄貓狗的項圈組成，在被安樂死後，這些項圈成了牠們存在這世上的唯一證明。
1177,朱男懷疑女友因另交男友而欲分手，去年三月七日，潛入女友住處，從女友的相機中發現女友與其他男子的合照，記事本中並記載上汽車旅館、買避孕藥等。
1179,朱男以量刑過重而提出上訴；檢方也提上訴指出，朱男的惡性已達窮兇惡極，還揚言要殺女友全家，濫殺人命，非處以極刑無法避免日後再殺害女友與家人。
1181,獨力扶養年幼2孫，穿破衣、吃愛心餐，感嘆毒品毀了他的家，高市青山行善團號召網友愛心接力，協助陳家走出困境。
1183,爺孫3人沒錢穿破舊衣，家電及傢俱都是撿來的，每日3餐仰賴濟助，陳翁一度想不開，哭喊「我不想活了」。
1185,張團長幫陳翁購買洗衣機、衣櫥、飲水機等物，並請曜愛協會幫忙送午餐，協助2孫課後輔導，讓他感受社會溫暖。
1187,兒子不成材，他對2個孫子管教嚴格，避免像兒子一樣學壞，誤了自己的人生。
1189,（中央社臺北3日電）據對華援助協會轉述，中國大陸盲人維權律師陳光誠近日對侄子陳克貴遭法院判處3年3個月的監禁，表達極大的憤怒與譴責。
1191,大陸官媒報導，陳克貴當庭表示不上訴；但陳克貴父親陳光福對兒子「被宣稱」不上訴，以「肯定有戲」表達質疑。
1193,中國時報【甘嘉雯╱桃園報導】桃園航空城棒球隊總教練「棒球先生」李居明，將赴義大犀牛職棒隊任職教練，縣長吳志揚廿五日接見他，慰勉嘉許並感謝他在職期間之辛勞。
1195,職棒如果沒有了，對基層的球員影響相當大，期許能將棒球以前的光榮再找回來。
1197,「熱情減退」或「積極度降低」等消極性理由，拒絕到校或選擇休學。
1199,大阪大學兼任講師井出草平表示，目前拒絕上學的大學生有8成以上在高中時期均正常到校；這些學生大部分均未參與社團活動，一開始就在交友上受挫，最後呈現孤立狀態。
1201,說錯話而傷害朋友的感情，讓他很伤心。
1203,網站紛紛發文，表示心中有股淡淡的哀傷。
1205,不少人覺得壹電視製作水準高、畫質好，如今因虧損被賣掉，簡直是「劣幣驅逐良幣」。
1207,滿足廣大刮刮樂彩迷需求，臺灣彩券積極推出新產品，16日不僅再度推出四款刮刮樂「新年快樂」、「金銀財寶」、「開運年菜」與「好彩頭」，其中，更有中獎率百分百的年節限定刮刮樂「新年快樂」，頭獎高達300萬元，有刮保證有獎！
1209,「金銀財寶」刮刮樂則是以鈔票、金幣、金條等各式錢財寶物設計出豐富的票面，營造充滿財富的視覺及聯想，「金銀財寶」每張售價200元，最高獎金200萬元，超過6萬個1
1211,可見，父母對孩子的態度和話語，對孩子的影響有多大！
1213,最關心就是經濟，他要向大家報告，衰退了1年的世界經濟，已經慢慢露出復甦曙光，臺灣景氣也從去年第4季開始緩緩好轉。
1215,總統說，願臺灣產業升級，經濟振興，人人有工作，家家都歡喜；願社會和諧安定，大家相互關懷，互助合作；願全民充滿朝氣，相互激勵，迎向新挑戰，開創新世紀。
1217,馬總統指出，今年跟往年一樣，他在年前陪媽媽去傳統市場買菜，每年這個時刻，看到菜市場攤販，在寒冬中用冰冷的水洗菜洗魚、整理年貨，心中都會有一種感動，每一個父母，每一個孩子，在準備年菜的時候，一定會想到自己最親愛的家人，都希望把最好的菜，最溫暖的關懷，奉獻給家人。
1219,小龍迎春、旋乾轉坤、平安歡喜、新春如意。
1221,臺灣電玩隊伍獲得世界電玩大賽首獎殊榮，官員錦上添花，開出各種優惠禮遇條件，數位內容，也說重點推動產業，但立委翻出經濟部工業局的數位內容競賽設置實施要點，看了直搖頭。
1223,立委會質疑官員心態落後，是拿世界主要電玩大賽做借鏡，臺北暗殺星參與的美國英雄聯盟第二季比賽，史上獎金最高，美金100萬，摺合臺北2900多萬，但光是英雄聯盟這款遊戲創造的產值，就超過10億。
1225,多數的臺灣網友樂見其成，稱讚臺灣終於出現可以與南韓「少女時代」PK的團體。
1227,WeatherGirls若是選在臺灣出道，不管實力如何，大家一樣只會批評，果然外國的月亮就是比較圓。
1229,立法院質詢話題，行政院長陳沖昨答詢說，經濟部有數位發展計畫，涵蓋遊戲軟體的推廣、外銷等部分；教育部長蔣偉寧則允諾三個月內提出電玩人才甄選升學輔導方案。
1231,立委建議發展電競產業民進黨立委陳其邁指出，電玩界早在九十九年就向總統提出建議，希望政府大力發展電玩業，但文化部關於這部分的預算實在少得可憐，他憂心整件事情過去之後，就船過水無痕，希望行政院召開跨部會來共同研究，投入電玩產業的發展。
1233,經濟部長施顏祥昨出席「中小企業經營問題巡迴列車」時也表示，臺灣遊戲產業已具有很高水準，政府會持續輔導動畫及遊戲行業，並協助企業開發更好軟體，進而攻佔世界市場，盼各界共同支持這項產業持續發展。
1235,兒童職能治療師張旭鎧說，要教導孩子有禮貌的家長，第一步應該反問自己：「我對孩子有禮貌嗎？」所謂身教重於言教，孩子會依循爸媽的模樣去學習待人處事的禮貌，所以爸媽更不能忽視自己的責任，必須提供孩子良好的示範。
1237,所謂的禮貌指的是語言的表達讓人覺得舒服，它不但可以增加日常生活的愉快，還可以減少人與人的摩擦和暴力，如果一個人有禮貌，會激發旁人樂於助人的天性；反之，若一點家教也沒有，講起話來像是在命令人、無視於人，就會讓人感覺霸道、難以親近，人際關係當然會不好，當一個人的人際關係不好，做任何事情都不會順利。
1239,打敗韓國，拿下電玩比賽世界冠軍的這一刻，臺灣隊員高興狂歡，隆重的頒獎典禮，簡直媲美奧斯卡，臺灣代表隊「TPA臺北暗殺星」一夕成名，實力應該受到肯定，卻也遭受作弊質疑。
1241,轉播比賽的大螢幕設計位置，還刻意裝在參賽選手後方，要轉頭掌握對手行蹤很困難，此外，參賽隊伍後方，不時可以看見裁判來回走動監督，隊伍要靠作弊奪冠，幾乎是不可能，韓國玩家的作弊言論，有網友覺得好笑，也有其他韓國網友不支持。
1243,雖然EA的NBALive系列從90年代開始便獨佔籃球電玩的龍頭寶座，不過他們在近年來遭逢新崛起的2K強力挑戰，加上他們的NBAElite2011遊戲遭逢重大挫敗，反觀2K則是利用這幾年接連作出叫好叫座的籃球電玩，讓EA無論在聲勢或遊戲內容上都和2K越差越遠，最後促成了EA退出的決定。
1245,原本EA野心勃勃的希望透過NBALive13扳回一成，不過在預告片和試玩版推出後卻被玩家嫌東嫌西，讓EA不得不宣佈延後推出，打算繼續加強遊戲的各個環節，然而最後EA終於意識到就算他們把現有的NBALive13內容做到完美，它的整體遊戲可玩度和吸引力仍然無法和2K13匹敵，因此最後決定忍痛收手。
1247,中油擴張解釋規定，還說中油只是申報填寫時「偷懶」沒寫清楚，所以審覈時依「事實認定」，照給最高上限的績效獎金。
1249,迴應社會改革聲浪，立法院長王金平昨天邀集朝野黨團協商後，達成共識，要求中油、臺電、臺糖和自來水公司等四家國營事業，今年度發放經營績效獎金，最高不得超過一.二個月，將較現行二.六個月，大砍一半以上，初估平均每位員工將少領約十萬元獎金。
1251,臺聯立委許忠信就表示，國營事業鉅額虧損，現在已領有二個月的考成獎金，堅持績效獎金應「全數刪減」；但國民黨團則無法接受，國營事業若有盈餘，仍應給予員工一些鼓勵，不該全部「歸零」。
1253,臺聯立委許忠信會後受訪表示，績效獎金大砍一.四個月後，以國營事業員工平均薪資約七萬元計算，每位員工將少領約十萬元年終獎金，立法院已適度展現改革誠意。
1255,未來若經濟復甦，朝野每年協商總預算時，還是可進行調整，屆時績效獎金說不定可以恢復到二.六個月，甚至更多。
1257,被騙女還有博士生警方清查發現，受害女子的共同點，都是未婚且體態較豐腴，除有博士班學生，還有護士、幼教人員、工程師、會計、公務員等，平時交友很單純，大多未談過戀愛；警方提醒女性網友，與人網上互動要提高警覺。
1259,3人不信稱論婚嫁專案人員通知受害女子到案時，好幾位說「已經和男友『論及婚嫁』」，其中至少3人對於網路郎君將來臺迎娶一事深信不疑，當面嗆警察「別破壞我的良緣」，直接稱對方是「老公」。
1261,他說，大多數親友還是希望自己好好完成學業，考個公務員，安穩過生活；自己打算繼續從事職業電競，將來退居幕後，公司已對選手的生涯做妥善規劃，將輔佐相關技能訓練。
1263,他呼籲，電競選手也是運動員，透過不斷的訓練、比賽證明自己的能力，希望政府可以幫助電競產業的發展。
1265,上躺了半年，才進一步接觸電競；打算用獎金買一部重機車，完成自己的機車夢；而比賽前一晚，熱情的粉絲趙怡萍在Stanley臉書留言，希望能跟Stanley結婚，Stanley笑笑迴應說，感謝粉絲支持。
1267,電玩產業值得投資經營，但也有3成網友表示臺灣還沒準備好。
1269,沒長遠規畫，電玩很難列入體育項目網友「KHCR」、「Jacky」紛紛指出，南韓20年前即致力發展遊戲產業，2000年世界電玩大賽（WCG）後，更重金打造電競環境。
1271,反觀臺灣遊戲界，網友也紛紛替得獎選手打抱不平。
1273,如果政府有意發展電競產業，網友「BigOld」希望「無感官員不要外行充內行，又只把經費消耗掉，得到自己利益，又沒做出績效成果。
1275,有了足夠的玩家數，才能開發出好遊戲；有了鼓勵電競的環境，才能發展出世界級的遊戲產業。
1277,家長在市場擺攤，工作很忙，小孩就放牛吃草，父母用錢打發小孩，有求必應，卻缺乏親情互動。
1279,孩子就是不愛讀書，她也沒辦法。
1281,我猜他可能沒有交給媽媽，後來我想法子讓他答應參加。
1283,他的程度有多差？寫一句話十個字，大概會錯七八個字，我覺得他有閱讀障礙，發過通知單給家長，希望送他去做資源鑑定。
1285,老實說，小孩不笨，他們知道去資源班會被歧視，我聽過其他孩子稱呼資源班的小孩是「資源垃圾」，小孩不願去、家長不承認孩子有狀況，一直拖，拖到最後就變成這樣：國小畢業，卻可能變成文盲。
1287,如果老師可以透過通報，讓學校強制對疑似可能有狀況的孩子鑑定，透過社工系統介入，纔是真正的保障學習權。
1289,我問過很多孩子，他們都願意去學一門手藝，在學校打瞌睡的日子很難熬，老師和學生都很痛苦，在教室當「客人」的感覺很差，怎麼可能培養得出競爭力？12年國教說要「成就每一個孩子」，我很想知道，教育部要如何「成就」這樣的孩子？
1291,低迷的職棒環境注入強心針，鼓勵好手們努力拚身價。
1293,林益全確定簽約後，比起去年月薪23萬元，漲幅高達96%，與他一開始的目標相去不遠，其實這已是他第二次加薪接近百分百，前一次在2009菜鳥年勇奪包括年度MVP在內5項個人獎後，隔年薪水就由11萬躍升22萬元。
1295,中國時報【鄭閔聲╱臺北報導】國營事業員工績效獎金，確定維持一.二個月上限，今年之內無法翻盤。
1297,迴應民意，上週一在一○二年度中央政府總預算協商時達成協議，油電糖水等四家國營事業一百年度經營績效獎金，不得超過一．二個月；一○一年度起，國營事業有盈餘者，始得發放績效獎金，但金額也不得超過一．二個月。
1299,然而因國營事業員工對績效獎金縮水反彈強烈，立法院上週也通過親民黨團要求政院將績效獎金發放覈算法制化，未來只要政院提出覈算辦法，國營事業績效獎金就不需遵從立院決議的一.二個月上限，引來「績效獎金敗部復活」疑慮。
1301,中國時報【葉芷妘、陳大任╱臺北報導】電玩遊戲《英雄聯盟》總冠軍賽昨天在美國洛杉磯開打，臺灣代表隊ＴＰＡ贏得世界大賽冠軍。
1303,長期關注ＴＰＡ的網友actr表示，ＴＰＡ的技術或團戰可能和其他隊伍在伯仲之間而已，但穩定度絕對比其他隊伍強，這個禮拜觀戰下來發現ＴＰＡ的失誤比其他隊伍少。
1305,臺灣ＴＰＡ打敗韓國ＡＺＦ，再度引發國人愛國情操，ＰＴＴ網友barucher開心地說，「今天纔是真正的國慶日，韓國人回星海挖礦吧！
1307,許多粉絲在看完臺韓冠軍爭奪戰的網路直播後，意猶未盡，爭相在臉書上發表感言，甚至有粉絲提議，乾脆設個「英雄聯盟紀念日」。
1309,好像自己就在當會計，對於準備進入這一行和在這行幹出納的朋友們來說，買一本看看真是好。
1311,札幌的四大百貨公司，今年也首度攜手合作，由各店女性公關根據「本命用」（致贈真命天子）、「義理用」（致贈純友情的男性友人）、「朋友巧克」（致贈女性友人）、「我的巧克」（犒賞自己）、「家族巧克」（致贈家人）、「搞笑巧克」（特殊巧克力）等六大主題，推薦商品並共同宣傳。
1313,另外，想送給父親的女性高達四十四．三％，讓日本老爸難得能在男友面前揚眉吐氣。
1315,小田急百貨公司相關負責人便表示：「現在很熟悉『朋友巧克』概唸的年輕小女孩，甚至根本就不知道『義理巧克力』的概念呢。
1317,LINE臺灣官方11日緊急透過官方粉絲團澄清，建議使用者不要相信，指出「LINE官方從未跟任何一家公司或團體在該方面進行合作，並請留意勿泄露個人訊息。
1319,「LINE免費貼圖」粉絲團已經超過3個，雖然同時有貼心網友呼籲這次詐騙訊息，但仍有網友持續轉貼受騙中，《ETtoday新聞雲》呼籲雲友協助針對該粉絲團進行檢舉，別讓不法業者得逞。
1321,避免打草驚蛇，義工們連續兩次上門假裝向吳嫌買狗肉，取得吳嫌信任；義工昨天下午再度喬裝顧客上門，以每臺斤一百六十元購買十臺斤，交易過程全被義工側錄下來，另一組義工會同警方、雲林縣家畜疾病防治所趕到現場，當場人贓俱獲，吳嫌只好坦承屠狗。
1323,懷孕了，固然是好事，但在學生時期懷孕得面臨許多挑戰。
1325,很多時候，男方在發生性關係前，或發生時會信誓旦旦說：「我會負責的」，「妳放心，我會照顧妳」。
1327,孩子終究在少年媽媽的肚子裏，女方得與家人討論，做出重要的決定。
1329,反過來，懷孕期間還可以請求學校依法保障產前假、產假、個別輔導、成績彈性計算、安排適當的親職教育等等。
1331,事情發生了，請讓新生命帶來喜悅與平安，而不要帶來恐嚇與恐慌。
1333,請女方不要一廂情願覺得沒有關係、賭說沒這麼剛好，盲目地相信男性那張嘴說會負什麼責任，有多愛妳；不然，就乖乖等到有經濟能力了，生活較能照顧自己與新生命了，讓懷孕從「無法預期」變得「可預期」，才能避免面臨接踵而來的社會、經濟與家庭壓力。
1335,原價999的票，只要100元，過年期間想吸引家長，120公分以下小孩甚至不用錢，觀光局預估，今年假期造訪樂園人次可望衝到135萬人，比去年多4成6，部分業者甚至看好業績，能成長3成到1倍！
1337,寒假檔佔樂園全年2成業績，今年假期長，觀光局預估造訪樂園人數可達135萬人，增加4成6，從北到南拚優惠，新竹業者春節期間，120公分以下免費入園，其他時間動物姓氏買票100元，等於打1折，碰到蛇年，苗栗樂園除夕前屬蛇免費，過年期間140公分以下也免費，屏東業者同樣推不到115公分的小孩不用錢，看準家長省錢心態。
1339,之前人力銀行公佈今年有七成上班族年終獎金不到1個月，現在卻有遊戲媒體公司年終獎金平均有10萬塊，一般員工最高可以領到21萬，更特別是這家遊戲媒體的年終給的方式，不是用評分，而是用出任務拿積分以及打遊戲來換年終。
1341,用積分鼓勵員工熟悉遊戲，公司每年提10％到15％營收，當年終獎金只要達成任務越高，或是主動幫公司提案，積分越高，獎金越多，去年的第一名年終就羨煞不少人，遊戲基地員工：「去年這制度底下，加上績效獎金大概20，不到25萬。
1343,沒想到弄巧成拙，卻愈銬愈緊，只好與一起共同喝酒的朋友上派出所求助，最後在警消大費周章的動員，手銬總算順利解開，解除男子的心頭大患。
1345,手銬不斷敲打，試圖用強大的撞擊力讓手銬鬆脫，就這樣東敲西打一通，手銬總算順利解開，侯姓男子開心的直向警方道謝，直說以後再也不敢亂玩手銬了。
1347,與會的解放軍退役少將潘振強隨即怒斥，谷內「粗暴、狂妄、顛倒黑白、混淆是非」。
1349,此番發言引起與會中方人士不滿，演講嘉賓之一的前中國國防大學戰略研究所所長潘振強迴應，谷內的發言「粗暴、狂妄，顛倒黑白、混淆是非」，讓他感到吃驚和悲哀。
1351,潘振強則痛批，美國一方面壓制中國，一方面又想與中國合作，是「矛盾」且「精神分裂」。
1353,記者會過程，臺聯立委林世嘉等和臺大醫院創傷醫學部主任柯文哲也到了現場，柯文哲接受媒體訪問時批評說，法務部越描越黑。
1355,嚴重憂鬱症、被害妄想症、腦心血管病變等四項重症，隨時對生命有重大威脅，這正是長期關在北監所造成，法務部居然說陳水扁不符合保外就醫條件！
1357,這句話，糾結出社會心中的哀慟。
1359,傅碧惠原本忙碌於工作及基督教會小組的服事之間，四十出頭小姑獨處的她，年輕、亮麗又有幹勁，對未來美容事業的拓展一直有個藍圖；對教會的事奉，她更是積极參與，生活節奏快且充實。
1361,父親又因有心臟病史，引發吞嚥困難，甚至休克，傅家在慌亂中決定進行氣切來急救，從此，父親再也無法脫離呼吸器，且要有人照料，而醫生建議送到呼吸照護服務中心給專人照顧。
1363,傅碧惠在跟醫生哥哥討論後，決定進行居家照護。
1365,有些飼主會放任自家寶貝亂跑，甚至讓狗跳上桌，這不僅影響到他人，也會讓店家對寵物關上大門，害乖寶寶再也去不了。
1367,他們的部落格因此越來越受歡迎，許多狗友也會參考卡內的足蹟，再帶自家寶貝去玩。
1369,包括「你家寶貝不會亂叫、不會亂做記號、不亂跑」，即使做大小便，也會主動清理好，更不讓牠上桌、亂舔餐具，不害別人吃到毛。
1371,有些寵物友善餐廳就跟可以帶小孩去玩去叫的「親子餐廳」一樣，放任自家寶貝在室內亂跑，然後惹毛別家的寶貝還要說「哇！
1373,不論是寵物餐廳還是寵物友善餐廳，請大家都不要將店家給的方便當隨便，看好自己的寶貝，既然帶他上餐廳，就應該遵守基本的用餐禮儀，教他學習乖乖留在你身邊吧！
1375,如果希望友善寵物店家能多一些、讓人與狗的生活版圖擴大一些，飼主有責任提升水準，不影響到他人，不讓別人將「帶狗」與「髒亂」、「吵鬧」畫上等號。
1377,高人氣與好口碑，入圍最佳智慧型手機，將與一季內銷售超過2000萬支的蘋果iPhone5、超過百萬支銷售量的諾基亞Lumia920，以及去年累積銷售量超過3000萬支三星GalaxyS3、超過500萬支的Note2，共同角逐此一大獎。
1379,最關切的議題，不外乎是景氣與就業，也就是對飯碗與生活的憂慮，與此密不可分的正是物價之波動。
1381,要求政府把事情做對（Justdoitright），不算過分，應該也沒有那麼難！
1383,由於李生堅持提告傷害，警方近日將傳喚吳宗憲等人說明。
1385,警方調查，吳宗憲等人昨天清晨五時許，到南京東路五段陳家涼麵用餐，因鄰桌三男兩女講話太大聲，引起吳宗憲的不滿，於是要其中一人到店外詢問究竟談些什麼？對方向吳表達不好意思，願意替吳宗憲等人埋單，以示歉意。
1387,轄區松山分局東社派出所獲報趕到，雙方已沒有爭執，隨後將李送醫縫了四針；吳雖受傷但稱沒事，不用就醫也不追究。
1389,至於吳宗憲事後表示沒想到他們竟是自己的「粉絲」，被打的李姓大學生吐嘈否認，並強調吳受傷是被另兩名同行男友人所傷，與他無關。
1391,楊典忠議員表示，近日不斷發生讓人痛心的事情，今年8月27日在北屯區大坑發生7只小狗集體遭毒死案件，聽說還有10幾隻沒被發現，以及8月31日在清水區信義新村發生4只小狗、1只小貓遭毒死案件，去年大坑光西巷附近也有30只小狗慘遭毒死，今年9月21日在豐原區翁子派出所也接獲毒狗案件，9月15日在霧峰區中正路還有小狗遭捕獸夾夾傷案件。
1393,另外，沈佑蓮、楊典忠關切農業局預算編列情形，沈議員表示，農業局編列110萬元，主要從事公關公司或立案動物保護團體、動物醫院及寵物業者協助辦理加強狂犬病防疫及動物保護宣導活動及寵物登記示範活動的推動；另編列18萬元，補助9個團體辦理動物保護宣導及寵物業者管理宣導等。
1395,「最後一戰」自2001年發行至今已邁入第11年，累計全球已賣出4
1397,玩家不僅能直接在現場體驗「最後一戰4」，而購買遊戲及限量主機者，可獲贈Halo4背包、多功能瑞士刀與數位下載卡等首購品。
1399,因此在得知4上市消息時，就決定要來搶購，尤其士官長及Cortana都將現身，更是要來見一面。
1401,〔自由時報記者陳炳宏／綜合報導〕誰是世界上最強的召喚師？臺灣的臺北暗殺星（ＴＰＡ）隊，將於臺灣時間十四日早上十點與韓國隊Azubufrost在電玩英雄聯盟第二季世界錦標賽一決雌雄，誰拿下總冠軍，就有百萬美元（約三千萬元臺幣）入袋。
1403,Moscow5是上一季冠軍，實力雄厚，在準決賽第一局就以猛烈炮火重挫「臺北暗殺星」，但ＴＰＡ以極強的抗壓力及團隊默契，主力王榮燦表現精湛，一旦領先就極力壓制對方，逼使對方求援而露出空檔，而且懷抱「不要死，不能死」的奮戰精神，在接下來的兩局比賽中完全掌握了節奏，最後以二比一逆轉擊敗Moscow5。
1405,戰術運用得當與適當的英雄角色，終於獲勝。
1407,陳匯中對後天的冠軍賽很有信心，希望抱回冠軍獎盃。
1409,《英雄聯盟》美國官方討論區玩家發起投票，「你希望哪支隊伍贏得冠軍？」，最後有79.6%的玩家力挺TPA，「願正直的臺灣人獲得勝利。
1411,人給予的壓力過大，TPA在第一場比賽中，被AZF的「死亡頌唱者」卡爾瑟斯完全壓制；第2場比賽，TPA穩住陣腳，「以彼之道，還施彼身」，也使用卡爾瑟斯扳回一城。
1413,TPA改用「發條少女」奧莉安娜、「武器達人」賈克斯、「暗夜獵人」泛的快速突進組合，打了AZF一個措手不及。
1415,中華民國國旗高喊「TPA、TPA、TPA」，TPA奪下了世界大賽冠軍，並抱走3千萬臺幣的獎金。
1417,TPA隊長Mistake在接受轉訪時表示，「如果你有夢想，就勇敢去實現，不要後悔。
1419,Razer共同創辦人暨執行長陳民亮Min-LiangTan)表示：「去年我們看到贊助隊伍當中，TPA戰隊的成績讓我們感到很滿意，而今年雷蛇也擴大贊助TPS，除了期待他們有更好的表現，今年跟明年也將提供更多的贊助資源，積極投入經營電競市場。
1421,在臺北電玩展現場除了舉辦曜越太陽神、橘子熊職業電競隊伍的玩家見面會之外，也邀請世界知名電競選手進行《星海爭霸2》表演賽事，同時也推出優惠電競周邊來吸引玩家。
1423,昨天以三比一（五戰三勝賽制）打敗韓國AzubuFrost隊，拿下冠軍，贏得一百萬美元（約三千萬臺幣）獎金。
1425,賽事主播長毛表示，透過ＴＰＡ打入英雄聯盟總決賽，已經把臺灣在國際的能見度，提升到另一個新的境界。
1427,臺北暗殺星是臺灣第一支英雄聯盟職業電玩隊伍，有七名隊員，平均年齡二十一歲，這次出賽的五名主力是隊長MiSTakE、Toyz（劉偉健，香港人）、Stanley（王榮燦）、Lilballz（宋寬柏）與Bebe；後備隊員是Colalin（林穎璇，唯一女性）、NeXAbc（邱柏傑）。
1429,Garena官方表示，臺北暗殺星」在此次世界冠軍賽中優異的表現，一路過關斬將，讓全世界都能夠看見臺灣職業電競選手的努力及堅強實力。
1431,中國時報【洪榮志、程炳璋╱臺南報導】「終於還是走到這一天，要奔向各自的世界，沒人能取代記憶中的你，和那段青春歲月」，在「放心去飛」歌聲中，慘遭割喉的方小弟就讀的國小，三日舉行集體創傷輔導及哀悼儀式，同學們哭紅了雙眼摺紙鶴，還寫下卡片以黃絲帶係在校園樹上，傳達最哀痛的思念。
1433,由於方家家境清寒，方父趕到殯儀館時，身上更只剩三百元，引起大批善心人士關切，一整天捐款救助電話不斷。
1435,一大早他的座位就擺滿紙鶴，許多同學一邊折一邊忍不住啜泣；教室講臺上的螢幕，也播放方小弟與同學共同表演的畫面，現場氣氛令人動容。
1437,校方指出，方小弟平常最喜歡熱鬧，因此很期待本週六運動會的到來。
1439,曾經是「不被看好的孩子」，明道大學材料科學與工程學系吳信達助理教授以一顆永不放棄的心，突破困境，拿下準世界發明家獎「化學發明獎章」；他相信只要努力就會有收穫，那怕只是一顆小小的螺絲釘，也能開創一番大成就。
1441,很難相信，吳信達助理教授說，他過去曾經是「不被看好的孩子」；就如同時下一般年輕人，他從小到大就愛玩，無所事事，生活茫然；成績當然不好，從來就不是學校重點栽培學生。
1443,當下被質疑或嘲笑，就放棄自己的一切，他說，任何所學的都是自己的，即使現在沒有用，經驗值在未來一定可以傳承。
1445,他鼓勵學生，每個小螺絲釘都是重要角色，不要放棄自己。
1447,在創新發明的過程中，吳信達老師說，需要投入許多時間與精神，但是他感謝許多人的一路相伴與支持。
1449,此外，他還獲得2012年世界發明家-化學發明獎章、2012年第一屆世界華人發明諾貝爾獎、2011年中華百業功勳人物大典-能源類學者專家、2011年中華民國國家創新科技獎等。
1451,連發投注站老闆娘洪月娥說，前天下午四點多，一名年約二十多歲年輕人路過，看到大排長龍買彩券及刮刮樂，也好奇排隊試手氣，花了三百元買一張「紅包一把抓」刮刮樂，因當時人多，由她隨意挑選一張。
1453,他到附近相館把中獎刮刮樂影印放大比對，他才相信「真的是財神爺降臨」。
1455,臺中市一中街商圈，昨晚發生恐怖情人縱火殺人事件！
1457,女方家屬：「他們交往多久知道嗎，他們有什麼異狀嗎？」警方調查，27歲劉姓男子和24歲黃姓女子交往1年多，2人在女方工作的髮廊認識，交往期間，男方經常對女方暴力相向，最近不滿女友提分手，15日下午約女方談判，女方找了2名同事陪同，還是被男友強押到租屋處，同事立刻報警，但2、3鍾後屋內傳來巨大爆炸聲，之後3樓就冒煙起火。
1459,在偶像劇《我可能不會愛你》爆紅的法鬥犬「包子」，最近在網路上又受到網友熱烈討論，但內容卻是對飼主的批評謾罵。
1461,還有包子被埋在沙灘中的畫面，網友ShellyHsiao說，天啊海灘的好像什麼折磨酷刑影片...。
1463,網友曾育暖表示，不能說心疼包子就代表主人沒錯...我想你們會希望自己痛苦的時候還有人一直在後面要求你握手甚至站起來嗎？；網友NanaSun說，天阿哭慘了...說包子生病了還是想撒嬌，你怎麼知道他是不是在求救？！
1465,大年初一就發生酒駕肇事重大車禍。
1467,她的腿，疑似骨折動不了，躺在旁邊滿頭是血的，是她的兒子，雖然自己也受傷，但是看到擔架一來，她要救護員快先救兒子，這是現場情況，另一邊已經有兩大一小，先送到醫院，但都是到院前沒有生命蹟象，經過醫生搶救，好不容易救回一大一小，其中一人不幸死亡。
1469,她因行動不便，只能半跳半爬躲往角落，幸好周某走出店外，未追殺她，但她至少捱了4刀。
1471,車行老闆躲樓梯間附近機車行吳姓老闆目睹周某砍人行徑，嚇得躲到隔壁大樓樓梯間，他說「在這裏開店30年，從沒看過這種事。
1473,另外高雄市鳳山區開出大樂透＋威力彩次數則最多，其中百合彩券行與快樂行都曾開過兩次頭獎，不過，「快樂行」因經銷商死亡，店已註銷。
1475,您報導過，高雄一名16歲少女，和男朋友騎車出遊發生車禍，還遭男友拖行丟棄的案件，少女現在傷重不治，少女的媽媽傷心欲絕，肇事的少女男友，竟然還在臉書上放話，強調整起事件是意外，撇清責任，至今沒有跟女友媽媽說一句對不起，讓少女媽媽相當痛心。
1477,少女和死神拔河，一個禮拜後還是不幸死亡，她的媽媽心痛哽咽，眼眶滿是淚水，傷心的吳媽媽崩潰了，拿出女兒照片，原本漂亮可愛的女兒，再也回不來了。
1479,（中央社記者黃意涵臺北16日電）最高法院今天召開男子陳昱安殺父案言詞辯論庭，檢察官轉述陳母意見表示，若不判陳男死刑，他出獄後會造成家族血流成河。
1481,蒞庭檢察官陳文禮在庭上說，1月初收到陳母的信件，信中指出，依她對陳昱安20多年的瞭解，若未判處死刑，陳昱安出獄後會危害家族的安全，造成「血流成河」，她要伸張正義、大義滅親，請求檢察官向法官表示，判陳昱安死刑。
1483,陳文禮指出，陳昱安行兇前寫下「殺人摘要」，預謀犯案許久，而非一時受到刺激，砍殺父親的部位也多是要害，行兇時生魚片刀甚至卡在父親胸前，殺意堅定，犯後並曾說「後悔不存在我心中」。
1485,前天下午，高雄市鹽埕區新樂街上發生疑似男女感情糾葛的情殺案，被害的陳女在上班打工的「麻糬店」外，被疑似彭姓前男友砍殺成重傷，經送醫急救開刀後，仍有四十八小時的危險期待觀察。
1487,（中央社記者陳朝福高雄19日電）前職棒球員許文雄數年前因打假球遭開除，今天又被高雄市警方逮獲涉嫌盜伐珍貴牛樟木送辦，檢警及友人感到相當惋惜。
1489,許文雄於民國98年間因涉及職棒放水打假球案，不僅遭球隊開除，面臨沒有球打的失業困境，還被法院判決必須賠償原所屬球隊違約金新臺幣100萬元。
1491,許文雄被球隊開除這幾年來，求職處處碰壁，沒有穩定的工作，收入也不固定，曾表示很後悔涉及打假球案，也數度規勸後進不要步上他的後塵。
1493,中國時報【鄭光宏、王瑄琪╱嘉義報導】孝子江進盛弒母案，檢方十四日向法院聲請羈押，法官考量江嫌沒有逃亡、湮滅證據之虞，裁定五萬元交保，「這個家現在很需要他」，江妻得知後再度崩潰痛哭，江的四名胞姐前晚也趕回老家協助後事，警方擔心江嫌尋短，與社工加強關懷訪查。
1495,針對江母死因，地檢署昨委請前刑事警察局法醫研究所主任石開平相驗，解剖遺體後發現江母脖子上有不明顯勒痕，窒息死亡無誤。
1497,由於江家經濟困窘，由嘉義地院員工所發起的十方慈善基金，也決定先撥款三萬元協助江家處理喪葬事宜，解燃眉之需。
1499,去年2月1日，塞德港爆發足球暴動，當時地主隊擊敗勁旅開羅隊，導致雙方球迷持械鬥毆，一共造成74死的慘劇，還有上千人受傷。
1501,正義妹事後到醫院縫合3針，受傷的她不忘回頭安慰被害人，饒婦感謝她的義助，送上紅包及水果，一度被婉拒，直到表明要給她壓驚、去厄運，對方纔收下。
1503,饒姓婦人回想那一幕仍餘悸猶存，她感謝素不相識的正義妹相助，改天會好好謝謝她。
1505,陳伸賢表示，照顧及服務每一位市民是新北市政府的責任，尤其身障朋友們更需要一個友善的工作環境，讓他們發揮長才、培養職業技能。
1507,陳美鳳還將今日公益出席費全數購買庇護工場產品，身體力行落實公益，讓現場所有身障朋友都感受到最溫暖的鼓勵。
1509,有多少小孩子們用他們的生命和青春來成就貴公司，多少孩子們將他們的未來押注在你們所創造出的虛幻世界。
1511,那沉重的心情，我相信很多家長也都曾感受。
1513,求求你們，放過這些孩子吧!謝謝。
1515,大火伴隨濃煙，像魔爪揪住一家10口，感情好的一家人，即使女兒大多出嫁，還是常常回家陪伴父母，幫忙自家早餐店生意，還會在孃家小住。
1517,也難怪不少人大呼莫名其妙，嘲諷歐盟該得的是經濟獎而不是和平獎；還有人胡亂推測說，德國會領走和平獎獎金，而且一毛都不分給身陷急需紓困的希臘。
1519,更諷刺的是，挪威人民已經兩次公投反對加入歐盟，因此挪威總理史託騰伯格在恭賀歐盟得獎之餘，也不忘表示挪威目前仍無加盟計畫。
1521,有人吐槽「接下來要得奧斯卡嗎」反歐元的英國獨立黨議員法拉吉說，歐盟獲頒諾貝爾和平獎，顯示挪威人還挺有幽默感的；荷蘭的反歐元國會議員懷爾德斯辛辣吐槽：「歐盟得諾貝爾獎…接下來咧？（歐盟理事會常任主席）範宏畢得奧斯卡嗎？」一名在雅典街頭賣彩券的小販直言，歐盟得獎令他怒火中燒，「難道他們不知道我們身陷金融戰？這獎唯一能提振的是（德國總理）梅克爾的士氣」。
1523,難以忍受、醫藥無法治療的身心痛苦。
1525,馬克與艾迪住在一起、一起做鞋匠，但當兩人因遺傳性青光眼導致逐漸失明，便決定尋求安樂死。
1527,他說，他們害怕失去獨立性，不想住進專門機構，覺得「沒有值得活下去的理由」；儘管他和父母曾力勸，但最終還是接受弟弟求死的心願。
1529,在金牌獎作品中，大會另選出十五項特別獎，臺灣獲得五項，包括最佳發明獎、最佳青年發明獎、最佳人氣獎、最佳能源發明獎及最佳新技術獎。
1531,帶隊的中華創新發明學會秘書長吳智堯說，易吉益利用生活中食材廢棄品製成可分解的包裝物材，具環境生態保護概念，獲得大會青睞。
1533,林定宏說，他喜歡觀察周遭的事物，有不方便的地方，就想辦法解決。
1535,正修科大電子工程所副教授施鬆村研發的「人體穴道診療保健裝置」，以探針或貼片尋找人體穴位，並根據信號判斷人體器官是否健康，也可利用變動音頻脈衝，進行類似鍼灸的電療保健效果。
1537,不過自曾政承於二○○一年拿下世界大賽冠軍以來，國內遲遲無法將電競比賽納入體育正式項目，老、中、青電競國手急盼政府儘速實行，憂心這波熱潮不知能被關心多久。
1539,網咖內玩家滿座，瘋玩《英雄聯盟》。
1541,曾經與曾政承一起參加電玩比賽的資深玩家王維農表示，相較歐美等地，以臺灣二千三百萬人口能出那麼多世界級電競人才，比例是很高的，他很贊同電競應納入體育的正式的項目。
1543,徐人強說，相較棒球、籃球這些運動，電子競技不像其他運動還要養球場，而且比賽又多，不像一些大型比賽要隔幾年才舉辦一次，國際性的電競比賽年年都有，選手參賽、拿獎牌，對臺灣又是另一種國際行銷，是投資報酬率最高的比賽項目。
1545,Apple聯合HTC對抗Samsung；不過以科技產業發展的歷史來看，聯合誰打誰背後，企業重視的是永續發展，怎麼做才能讓企業不因短利而失了江山更是關鍵，而微軟與Yahoo!正是最佳的前車之鑑。
1547,但是近年來在網際網路走向多元與開放的環境下，微軟獨大的局面也一一被打破，優勢逐漸喪失。
1549,另外微軟與Yahoo!雖然也在即時通訊平臺合作，讓MSN與Yahoo!Mssanger可以跨平臺服務，但是也遭遇到市場上如Skype的挑戰，但是雙方決定以合作來對抗Skype時，局勢也已經失去主導權。
1551,沒錯，蘋果的崛起可以說是創新的代表，從iMac、iTunes、iPod、iPhone、iPad及iOS作業系統等產品，一路下來都賦予產品創新的精神，也因此獲得市場的肯定。
1553,所以Apple與HTC長遠來看，要立於不敗，不是只看到當前Samsung對其造成的威脅，Apple迴歸Apple致勝的關鍵，HTC也必需找出自己的核心價值，很清楚的這不是商戰的競爭而已，而是企業能否永續的關鍵點。
1555,「新的一年大家都不看好他們，但彼此的長輩都有支持的力量在，反倒是王心凌，今年追求她的可能不一定只有姚元浩，她是否能堅持，能決定他們愛情的運轉。
1557,坤達柯佳嬿互補升溫坤達去年雖與陳意涵分手，後因和柯佳嬿拍「我們發財了」假戲真做，兩人感情加溫，還傳出同居。
1559,男友拋下天后光環，與錦榮走遍各大夜市高調曬愛，詹惟中稱Jolin蛇年感情運將比較不穩定，反觀錦榮的愛情運相當旺，會有較多的外在誘惑。
1561,昆凌黏周董先打點周媽周杰倫與昆凌相差13歲的戀情，在男方堅持35歲纔想婚，女方遊學美國，看來似乎分隔兩地，至今交往2年多。
1563,視國家主權尊嚴於無物，令人失望透頂。
1565,身分證明文件來臺，王鬱琦才承諾要「一週內」研議抵制辦法。
1567,陳其邁指出，陸委會雖兩度發函給中國海協會表示抗議，也委託海基會董事長林中森當面向海協會長陳雲林表態，但對方先是以「趕時髦」敷衍，還正式回函說「抗議不成立」，顯示中國對臺灣的傲慢心態從未改變，儘管馬英九誇稱兩岸關係大躍進，中國依然是「誰理你們」。
1569,馬總統並表示二座國家級的客家文化園區規劃完善，希望大家都能去參觀親近客家文化。
1571,世界客屬總會榮譽總會長吳伯雄也以「寧賣祖宗田，莫忘祖宗言」，強調語言傳承的重要，鼓勵大家只要有心就能學好客語。
1573,兒時在鄉下長大，黃昭順常和玩伴跑到防空洞玩，一次不小心慘遭蛇吻，在人生記憶中留下永難抹滅的恐怖陰影。
1575,「我不怕鬼，很怕蛇，但又喜歡看蛇，只要有關蛇的，我都喜歡看。
1577,相較前面兩位中、高年級世代者，對屬「低年級」的民進黨立委蘇震清而言，蛇反而是童年生活中不可或缺的部分。
1579,蘇震清抓蛇好本領從小練就一番徒手抓蛇的好功夫。
1581,馬文君說，蛇的樣子真的不討喜，在臺灣習俗中也不太好，除了「白蛇傳」外，都不是什麼好印象，雖然有些害怕，但畢竟自己屬蛇，還是要找理由「不排斥」這種動物。
1583,許忠信說，過去鄉下孩子出生後，總要先養養看，確定活下來才報戶口。
1585,值得注意的是，目前逾期未兌獎最高金額是2008年4月14日開出的威力彩，頭獎達2.5億元，其次則是2011年4月26日開出的大樂透，頭獎1.99億元，同樣也沒人出來領獎。
1587,嚴重燒傷忍痛一晚燒傷自己引發大火林嫌供稱，他月薪2萬多元，請父母每月幫他定存5000至1萬元，日前他檢視存摺，卻未見幫他存款，生氣問父母，並和父親發生激烈口角，前天下班，他一度不想回家，後來聽魏姓老闆的勸才回家，途中跑到新埔河濱公園，抽取自己機車的汽油，用1公升裝的汽水寶特瓶盛裝。
1589,驚悉真相後，在殯儀館守靈的林嫌之母數度崩潰，林嫌之弟震驚，愣了半晌，後來才說哥哥最近才搬回家，個性沉默孤僻，很少和家人互動，做事衝動。
1591,就在釣魚臺爭端正處於僵持之際，美國派遣航母進入釣魚臺附近海域。
1593,美中在釣魚臺爭端中的對抗逐步升級，釣魚臺局勢再現緊張態勢。
1595,但是中國並沒有被美國的幾句聲明所嚇倒，反而果斷的採取取了強硬反制措施，這使得美國開始逐步考慮透過加強軍事部署的手段來震懾中國。
1597,在這種情況下，美國又採取軟硬兼施的兩手策略，一方面，美國宣稱美國在中日釣魚臺爭端中不選邊站，不充當釣魚臺爭端的調停人，希望中日以和平手段解決釣魚臺問題。
1599,因此，在中國不斷派遣海監船進入釣魚臺毗鄰區和周邊12海裏海域，而日本卻無法應對之後，美國決定通過派遣航母進入釣魚臺附近海域以及加強與菲律賓在南海的軍事合作等軍事部署強化措施來警告中國勿採取強硬反制措施。
1601,本次軍演是針對美國航母進入西海而實施，是與投入這一帶海域的美國航母編隊較勁。
1603,美國人也並非沒有意識到中國保衛領土完整的決心，事實上，此次美國航母進入釣魚臺附近海域除了震懾中國外，還有?
1605,最關心就是經濟，他要向大家報告，衰退了1年的世界經濟，已經慢慢露出復甦曙光，臺灣景氣也從去年第4季開始緩緩好轉。
1607,願臺灣產業升級，經濟振興，人人有工作，家家都歡喜；願社會和諧安定，大家相互關懷，互助合作；願全民充滿朝氣，相互激勵，迎向新挑戰，開創新世紀。
1609,總統強調，臺灣有最勤奮的人民，人民有最善良的心，相信只要大家互相扶持、互相鼓勵、互相包容，沒有衝不破的難關。
1611,總統希望，在這1年中最特別的時刻，每一個家庭，都有溫暖的團聚；讓親人的愛和溫暖，帶來最深的祝福。
1613,英雄聯盟LeagueofLegends，LOL)第2季世界冠軍賽今天在美國洛杉磯舉行，由來自臺灣的隊伍「臺北暗殺星TPA)」奪冠，贏得遊戲史上最高100萬美元的獎金。
1615,奧運等級的國際競賽，希望政府相關單位能協助發展，幫助臺灣電競產業與國際接軌。
1617,華義國際營運長熊家麒表示，遊戲產業在臺灣非主流，社會的價值觀普遍對遊戲產業抱持負面看法，讓電競產業發展得很辛苦。
1619,老虎隊8局上攻勢再起，DelmonYoung先開轟幫助球隊擴大比數，下一棒JhonnyPeralta也揮出二壘安打上壘後，AvisailGarcia打出2人出局後的適時安打，老虎隊此局再下2分，形成4:0的領先優勢。
1621,這2分以6:4取得美聯冠軍戰第一場的勝利，由於延長賽已超過當地時間12:00，因此總教練JoeGirardi也無緣開心慶祝生日。
1623,昨於新加坡登場的第一屆《英雄聯盟》Garena超級聯賽最終決賽（ＧＰＬ），「臺北暗殺星」以三比一擊敗強敵「新加坡先鋒」再度摘冠，勇奪美金一萬元獎金、摺合新臺幣約三十萬元。
1625,臺北京站廣場同步收看直播的玩家緊盯螢幕，不時發出歡呼聲並拍手叫好，直呼：「好緊張！
1627,金錢與擊殺數都難分軒輊，直到一次會戰中，「臺北暗殺星」漂亮地連續擊殺對手，又重新掌握比賽節奏，最終以三比一贏得勝利。
1629,兩百三十三萬小時，等同兩百六十六年，相當於清朝從誕生到滅亡；每天有高達兩百二十萬的英雄被召喚作戰，也有將近四十五萬場對戰天天上演！
1631,有韓國網友在官方討論區發文，懷疑TPA以不正當手段取得勝利，引起韓國玩家討論。
1633,8強賽，TPA首先要對抗世界排名第4的韓國代表隊NajinSword)，據職業電競網站「GOSUGAMER」統計，賽前有89%的玩家認?
1635,TPA的驚奇之旅將在此止步，但TPA又打破全世界的眼鏡，後來居上逆轉擊敗M5。
1637,除此之外，他們還公開批評其他隊伍太弱，除了俄國外沒人是韓國對手；而在轉播中也收錄到，AZF的選手用不當言語污辱敵隊，做出手指向下等挑釁手勢。
1639,戰略資源倒數計時，更讓人懷疑有人打PASS將資訊傳達給臺上比賽的選手。
1641,歌迷昵稱「京爺」的張芸京沉潛2年，言談中興起了結婚生子的念頭，宣佈「想婚」，不怕「京爺」形象破滅，歌迷心碎嗎？她笑說，「反正我早就想擺脫這個稱呼啦！
1643,消失在樂壇一段時間，張芸京在宣傳剛開始時，曾跟工作人員開玩笑說可能要宣佈結婚生子才上得了新聞版面。
1645,我在教會看到很多不離不棄的情感，心裏面也會希望有一天能夠遇到這樣的感情。
1647,而現在的她樂在工作中，會耐心等待理想的另一半出現。
1649,成績進步的獎狀，還來不及和家人分享榮耀，就被父母虐打致死。
1651,完整的輔導資料尚未送進市府，可能因此導致蔡副市長有所誤解，校方今天將儘速上呈整份資料。
1653,校方強調，簡姓學童學期末當天，被父母親失手虐打致死，因現在是放寒假期間，同學目前都還不知情，開學後會進行班級關懷輔導，減輕班上同學對此事件所造成的心理衝擊與陰影。
1655,鼓勵莘莘學子，羅許基金會針對高中（職）以上的單親、清寒家庭學生提供獎助學金，於1日在羅東博愛醫院舉辦101年度頒獎典禮，讓勤奮好學的孩子們能順利完成學業。
1657,這次獲獎的同學個個都是品學兼優的孩子，就讀聖母護專五年級的王位同學，學業成績始終保持班上第一、二名，他也積极參與醫院志工服務，至今已累計近兩百小時，除此還參與相關證照考試及研習課程，目前已有急救員及緊急醫療救護技術員之資格。
1659,另外就讀國立羅東高商資料處理科三年級的潘姿穎同學也是來自單親家庭，基於教育體制及課程的調整，她無法使用學長姐留給她的教科書，於是她申請獎助學金以減輕教科書的支出，她感謝羅許基金會提供的獎助學金，讓她在求學過程獲得最實質的幫助。
1661,對此，小兒科黃瑽寧醫師表示，這種現象應該只會出現在男孩子身上，女孩子比較少。
1663,但是若真的把孩子的玩具沒收，孩子卻哭鬧得更兇，這時候就不要理他，要是他再鬧，就再沒收其他的。
1665,他就會想：「平常爸爸都是開開心心的跟我玩，怎麼現在變這樣？」他纔會思考自己哪裏犯錯。
1667,這對母女間自然流露的溫馨互動，似乎讓溼冷的天氣暖和了起來，心裏不禁納悶，什麼樣的教養方式，才能培養出如此自主又有禮貌的孩子？你可能對黃淑文的名字不陌生，她也許是你的國中老師、你也可能看過她的書或部落格，或在大學課本上讀過她的文章「從浪人到鐵人」。
1669,作品屢次獲得部落客百傑獎，被賦予「最溫柔動人的親子部落格」評價。
1671,當老師是一個工作穩定的鐵飯碗，縱使她大學聯考的分數能輕易上臺大外文係，自己對社會、心理等科系也比較有興趣，仍敵不過父母的期盼而填選師大，走上教書的路。
1673,有好長一段時間，她恨父親不讓她走想走的路、做想做的事。
1675,她辭去工作專職照顧孩子後，看見孩子身上的特點，竟然有自己童年的影子才發現，當媽媽愈瞭解自己，才能愈瞭解孩子，回想小時候希望被對待的方式，其實就是孩子心中渴望的親子關係。
1677,收到稿費後，請孩子吃大餐分享喜悅。
1679,根據調查，國內大學生有將近兩成透露，曾遭受交往伴侶暴力對待；國高學生，也有一成有遭親密伴侶拳腳相向，立委推動修法，要將《家庭暴力防治法》保護範圍擴及交往情侶，希望有效減少因情侶爭執引起的社會案件。
1681,臺灣防暴聯盟執行秘書張琳說，去年三月臺中曾發生一起駭人聽聞的兒童兇殺案，起因是一名十五歲的國三女學生與廿九歲朱姓網友交往，兩人疏遠後，朱嫌不斷騷擾女方，女學生事前雖曾向警方求助，卻無法獲適當保護，導致女學生弟弟遭朱嫌殺害。
1683,林飛帆講得很有道理死刑不能抑止犯罪大家要給他鼓勵所以我們應該公開滿清十大酷刑處理這種人外加現場直播他想自殺，又不敢自殺所以想多殺人，讓法院判他死刑但法院給他的死刑完全符合他的期望一槍斃命搞不好沒痛苦就離開人間要抑止這種犯罪就是讓這種人害怕就是要讓人不去干擾他人生活為主
1685,由臺灣國際勞工協會（TIWA）、天主教越南外勞配偶辦公室等移工團體組成的MENT今天上午前往行政院，他們指出，2012年12月21日是馬雅傳說中的世界末日，但世界末日還沒到，在臺灣的移工早就過得有如世界末日般的日子。
1687,不少移工今天也到場喊出心聲，他們在現場演出行動劇，演員表演馬總統與大老闆同流合污，不斷引進便宜外勞，外勞雙腳下跪雙手撐地，迭起「人肉金字塔」，而大老闆則緩緩爬上金字塔頂端，馬總統則用打氣筒不斷替老闆打氣，撐到大老闆肚子都破了，諷刺政府不公平的外勞政策。
1689,天主教新竹移民及外勞服務中心主任、澳洲籍神父吳嘉德表示，今天是「國際移工日」，但臺灣的移工權益卻屢遭忽略。
1691,他說對照「臺北車站拉紅龍事件」以及桃園社區拒絕外勞宿舍進駐，難道臺灣人心本惡，其實都是政府政策所導致。
1693,正值中國大陸與日本對峙日益緊張之際，民進黨主席蘇貞昌率團訪問日本，對於此行的宣傳造勢或許不無些微效果，但卻會使中國大陸對他僅有的一絲幻想也完全幻滅，並將使民、共兩黨之間黨對黨的良性互動更不可能。
1695,平心而論，在野黨主席出訪外國，近年已成慣例，蘇貞昌訪日自然無可厚非，但其時機拿捏是否得當？顯然很有問題，除非蘇貞昌目的只在造勢，只求宣傳效果，否則其政治智慧就大有問題；其次，民進黨既仍想走「聯日制中」的老路，當然不可能表達嚴正立場，更不會就臺灣擁有釣魚臺主權對日方強烈抗議；再者，蘇貞昌本身既無足夠的份量，縱使有心調解，也完全沒人理會；可以想見，他最多只能提出「日方必須重視臺灣漁民權益，儘速恢復漁權談判」一類的場面話。
1697,數典忘祖，背棄民族大義的動作，而對臺灣保釣也沒有任何意義。
1699,疾病管制局副局長施文儀日前在臉書上質疑美國免籤，並反對陸生納入健保政策，引起外界非議。
1701,其中，審慎義務就包含公務員批評機關、政策或表示不同意見時，必須謹慎。
1703,試想，當年新聞局官員郭冠英用筆名在網路上撰文，被公懲會認定「其言論顯與公務員身份不相宜，影響政府機關形象至巨」，就予以撤職處分；施文儀如今不斷惡意批評政府與政策，難道不應該處分嗎？此外，施文儀是凱達格蘭學校國策班第一期，是民進黨刻意栽培的對象，2008年之後馬政府繼續重用，足證國民黨用人不分藍綠，這固然值得肯定，不過類似施文儀這種人如今還有很多，他們對於政府政策，或是陽奉陰違，或是無形抵制，或是明譏暗諷，或是公開反對。
1705,居壓倒多數的人民在天性和態度上是如此的脆弱，以致用嚴肅的推理還不如用情感更能支配他們的思想和行動。
1707,中國時報【王正寧╱臺北報導】國內酒駕肇事頻傳，馬英九總統昨與道路安全、反酒駕團體座談時撂重話，要求警方只要攔檢酒駕者超過酒測標準，就要立刻移送，讓酒駕者最多失去廿四小時自由，「現在就可以做」。
1709,警察利用跟檢察官共享憲法規定的廿四個小時，讓酒駕者會失去自由，「現在就可以做」。
1711,馬英九說，他對酒駕議題關心很久，希望從嚴、從速來面對。
1713,政策辯護的能力太差勁，也難怪一宣佈調漲油價、電費后民怨沸騰。
1715,楊志良表示，不只民間企業，政府財政困窘，又不積極解決，提供給各部會預算一直不足，現在連公部門也大力撙節人事成本，增加約聘人員，主張保障勞工權益的勞委會，正是所有部會中最多派遣和約聘員工的單位，相當諷刺。
1717,英國「經濟學人」雜志於日前刊出「馬英九：笨拙的總統」（Mathebumbler）一文引發熱議，在野人士不免趁勢冷嘲熱諷一番，但國家顏面受損，不見得人人高興得起來，就如民進黨前主席謝長廷18日所言，「我們不該高興，畢竟馬英九是我們的總統。
1719,他說，然而馬英九當年提出「六三三」，也勝選贏得總統，代表人民對他所拋出經濟成長的政策有很高的期待，所以如今纔有這麼大的失望。
1721,包括民進黨在內，更想幫助馬總統與國家，希望馬英九趕快召開「國是會議」，解決國家危機，挽回自己的形象。
1723,黃昆輝：唯有罷免馬英九才能救子孫！
1725,可見人民的憤怒已經到達臨界點，一觸即發，若沒有適當發抒管道，恐造成社會集體動盪不安。
1727,時事民調／英國經濟學人雜誌批評馬總統「笨拙」，馬要求外交部透過駐英代表處表達抗議，請問你是否贊成這做法？
1729,陳根德則建議，特赦可以朝向「有條件的政黨協商」，由民進黨提出特赦，用政黨協商方式處理，不僅可以化解社會對立的仇視，也可以讓全民一起拚經濟，陳沖迴應，「是可以讓對立的氣氛和緩」。
1731,陳致中指出，「他在國民黨陣營中位居閣揆，是全臺灣僅次於正副總統的第三號人物，他能夠公正、理智地看待這個高度政治性議題，實屬不易，我欽佩陳院長雖千萬人吾往矣的道德勇氣」。
1733,陳致中強調，「從陳沖最近幾次的發言（包括不贊成不運動就是懶、四大基金虧損不改善他願負責等）讓我們看出他應該不是無感，他應該有理性的思維、獨立的判斷，也知道大多數民意的期待與想法，儘管內閣滿意度很低，但我在想如果他能夠獲得更多授權與施政空間，我相信他可以把工作做得好一點」。
1735,郝嗆童︰你有種到議會外面講〔自由時報記者黃忠榮、陳曉宜、林相美、張文川、徐義平／臺北報導〕臺北市議員童仲彥昨天在市政總質詢爆料指出，工信前董事長潘董（潘俊榮）曾送臺北市長郝龍斌太太及前北市文化局長李永萍鑽石，但遭郝龍斌當場反駁「絕無此事」並嗆聲「議員你有種就到外面講，放棄言論免責權到外面講。
1737,正出訪中國的李永萍更在昨晚委託律師到臺北地檢署按鈴控告童仲彥誹謗罪，並強調週日返臺後會提出高額民事求償。
1739,若議員願意放棄言論免責權到法院說清楚，工信也很願意跟議員直接對質。
1741,保護當事人，不能提供，但透露這位好友常出入考試院長關中去的按摩院，好友是聽按摩的小姐說的，錄音帶是好友來找他時所錄，這位好友和潘董也認識。
1743,童稱有直接證據︰要告去告童稍晚透過簡訊迴應「要他們直接去告好了，我有直接證據、證人，監督市政不受威脅。
1745,宣傳讓人民雖不滿意但支持他們，中央及地方的不滿意度儘管一直上升，但它仍未必會被取代！
1747,《新新聞》的調查使人想到今年九月，《天下》雜誌所做的「二○一二縣市長滿意度調查」，雖然名次有些小異，但大方向無差，在前面的是臺南市賴清德、宜蘭縣林聰賢、苗栗縣劉政鴻、嘉義縣張花冠，至於藍營的天王新北市朱立倫、臺中市胡志強、臺北市郝龍斌，已連續兩年分居第十九名到第二十一名，只比吊車尾的基隆市張通榮好一點點而已。
1749,國民黨已警覺到，二○一四年七合一選舉，如果藍營施政無能無感的印象無法改變，則七合一選舉即可能大敗，如果七合一選舉大敗，到了二○一六大選即難保不會變天。
1751,國民黨有一堆博士是事實，但這些博士總統、博士部長、博士縣市長是不是人才，卻值得懷疑。
1753,學位的傲慢加上迷信文宣，這乃是馬政府失敗的關鍵，也是國民黨新北市、臺中市、臺北市三個天王博士長掛車尾的原因。
1755,哈哈哈很好笑因為你可能要先檢舉facebook只能點讚不能點幹!我覺得大家知所以會覺得政黑很溫暖其實重點不在於能不能噓文重點還是政黑在推文不會無腦嗆當然除了吱吱先嗆的情形之外吱吱如果覺得數字版伏冒板很棒很自由請你們去查一查什麼叫作沉默螺旋理論什麼叫作言語霸凌不要你們覺得你們很理性很正義在我看來反而覺得愚蠢
1757,抗議個屁~根本就像是小屁孩，不爽去搗亂而已~這不叫抗議~不叫反服貿~這叫....幼稚、無聊、閒閒沒事做我就是想笑~看到你們抗議變成貪吃鬼跟小偷和觀光客~我真心覺得~好笑~而且噁心~~不要拿服貿來當藉口去搗亂....回家吧你們!!!
1759,沙文主義，她說「世世代代以來，我們是不曾被逆境打倒的福爾摩沙之子」；在社會基礎上，她影射正當性危機，她說「焦慮與不安正在這個國家蔓延」；在政府表現上，她譏諷馬英九總統專斷獨裁，她說「執政者不理會人民聲音、只是一意孤行」；在政治行動上，她呼籲採取體制外路?
1761,其實「國是會議」的意義，是當現有體制的正當性有所不足時，用以在體制外召喚「國民意志」，藉以補足重大改革所需的正當性來源。
1763,換言之，她此時主張「國是會議」，目的恐怕不在補足現有體制正當性的缺乏，反是一種民粹手段，用以破壞人民對現有體制的正當性信心。
1765,當前重大改革需要的不是大拜拜式的「國是會議」，而是抱有具體政策、敢與執政黨政策辯論的影子內閣。
1767,明明就是一個人才國家沒辦法利用他真的是國家的損失
1769,針對馬英九總統反對國公營事業績獎齊頭平等，更肯定親民黨立院黨團所提的主張，親民黨立院黨團總召李桐豪今（16）日反問馬總統，儘管親民黨是在野黨，但是提出合理解決問題的方案，「這些不都是國民黨團該做的嗎？」李桐豪強調，績獎問題不能大家互相拿刀殺紅眼，「既然總統也肯定親民黨，希望行政部門、國民黨立法院黨團能夠認真看待問題！
1771,立法院11日院會通過一項由親民黨團主導的主決議，要求行政院應對不同主管部會、產業及經營模式訂出合理績效計算及核發標準，擬具「公營事業機構及財團法人經營績效獎金覈算辦法」，取代現行績效獎金實施機制，3個月內送立法院備查。
1773,不過由於臺聯黨團堅持反對，因此並沒有達成協商共識。
1775,李桐豪說，親民黨不只是國營事業績效問題希望合理討論，包含釣魚臺到年金改革等議題，親民黨都希望找到空間，「社會對立之下還是要有尋求對策的方式」，他強調，績效獎金本身並沒有方案的問題，「但是問題必須解決，可以強烈表態要改革，但是真正的問題是共識之下，必須要有時間把相關細節內容細緻化」。
1777,李桐豪說，他感謝馬總統對親民黨團的肯定，他也向政院和國民黨立院黨團喊話，「既然總統都認同親民黨的主張，希望行政部門、國民黨立法院黨團能夠認真看待問題！
1779,歷年所罕見，說明軍方對周邊形勢有強烈的憂患意識，調整演訓重點，以備不時之需。
1781,報導稱，該《指示》要求全軍和武警部隊緊緊圍繞能打仗、打勝仗的目標，以軍事鬥爭準備任務?
1783,國家安全和發展利益逐漸超出傳統領土、領海與領空範圍，不斷向海洋、太空、電磁、網絡空間拓展，形勢將要求軍隊必須提高保護「利益邊界」的能力。
1785,歐巴馬在芝加哥的競選總部擠滿支持者，所有人無不歡聲雷動。
1787,無論你是否幫忙拜票，無論你支持誰各位都作了改變。
1789,我希望與各位州長坐下來談，我要謝謝四年來，支持國家的美國人民。
1791,「今天在這裏，必須要感謝20年前與我結婚的女子。
1793,同時他感謝了他的女兒，「你們是世上最美的少女」。
1795,我對於能與各位一起成長感到很榮幸。
1797,軍人們很高興能有人保護他們的國家與經濟。
1799,工程師甚至美國總統，這就是本國的希望。
1801,胡錦濤這次「裸退」，也創造中共史上同時卸下總書記及軍委主席先例，此舉將有利中共高層制度輪替。
1803,隨後，習近平也覆電，期盼兩黨把握歷史機遇，深化互信，共創中華民族美好未來。
1805,習近平強調中國取得舉世矚目成就，可自豪但不自滿，「絕不能躺在過去的功勞簿上。
1807,有90分的實力，如今卻只有70分的表現，當然就不滿意；另一種情況是沒有特定的期待，就實際情況認定馬總統的施政表現不到60分，是不及格的狀態，所以不滿意。
1809,如今受訪者既不滿意施政表現，又不願罷免，說明不滿意度高應是屬於高期望以致於高失望的第一種狀況。
1811,此外，拼經濟向來是比較屬於國民黨的強項，貿然罷免可能面臨的不確定因素，恐使狀況不僅不會變得更好，更糟的機率反而更高。
1813,我建議警方要注意點就算學匪在怎麼無理攻擊學匪的老娘也是無辜的.
1815,不是只有你們會無視於法治民主，而是你們用壓迫別人的方式讓人就範.
1817,20日表示，民進黨面對中國政策應該放下仇恨，多以人權、平等的觀點來看待，讓中國沒有動武的藉口。
1819,當下便宜好操弄，但對未來卻傷害大、成本高，民進黨對中國應該要放下仇恨。
1821,面對災難，生命的脆弱，親人驟逝之痛，災民需要的是寧靜和平，而不是纏鬥不停的藍綠喧囂，中央計劃災區重建，復興高雄經濟，地方安置災民，檢驗地下管線，重新檢討「重工業都市轉型計劃」，痛定思痛，記取教訓，唯有「同舟共濟」，放下怨念，面向未來，「藍綠共治」的政府才是真誠為高雄同胞祈福！
1823,小弟深深覺得激情或衝突並無法訴說要求或解決問題.
1825,政治的歧見不會成為分裂彼此的理由，對自己誠實對朋友忠實慷慨分享親切待人讓歡笑縮近疏遠的距離Loveandtolerate...註:我承認自己是厭倦了新聞和政論被推入了一個意想不到的坑.
1827,挑選黑格領導五角大廈，是歐巴馬對伊朗政策軟化的第一步。
1829,以色列民防部長狄希特（AviDichter）本月稍早接受以色列之音電臺訪問，談到提名黑格一事時表示，「我們祝福他」；但以國官員私下都抱持悲觀看法。
1831,以色列擔憂，都反對軍事攻擊伊朗的黑格和凱瑞，會讓以色列很難對伊朗核設施採取軍事行動。
1833,伊朗外交部發言人在臉書上對黑格接掌五角大廈表示了有限度的樂觀。
1835,伊朗歡迎黑格的態度，也和對美國前兩位防長的任命大相徑庭。
1837,在北京方面，官方控制的新聞媒體也對黑格表示歡迎。
1839,中國日報報導，政府控制的上海復旦大學國際研究中心教授沈丁立表示，黑格是位好的人選，「反對伊拉克戰爭」，是位「溫和且可敬的共和黨員」。
1841,看到各個候選人大家汲汲營營於競選大家都希望能當選但我好奇的是當選縣市首長或立委會比打魔獸三國還好玩嗎?
1843,其實這次的事件我覺得應該好好坐下來談談馬總統要展現高度氣度，不然我實在受不了大家都罵馬總統娘孬笨無能這次是好機會。
1845,於是開始杞人憂天走上街頭開始抗爭以為這樣就能掩飾心裡的不安.
1847,真的很簡單馬英九這輩子做過四件最惡毒的事情，第一件惡毒的事情選贏陳水扁，重點是讓他沒連任太惡毒了.
1849,這麼惡毒的人一點機會不給民進黨你叫民進黨怎麼能不恨他?
1851,有不同意見的媒體，沒有批判我的言論自由。
1853,今早起來看到新聞，政院已經淨空雖說鬆了口氣，但還是很難過身邊的朋友一個個著了魔，紛紛把頭像換成黑畫面並說「民主已死」、「我們正在失去」我想這幾天還是別介入好，甚麼也都別說看到驅離後的情況，心裡又沉重起來民主並沒有死，我們沒有失去國家，只是被暴民傷害破壞就算警察完成驅離，我還是高興不起來並讓外人看了一場鬧劇笑話這就是大家要的嗎?
1855,基於對科學的信仰，我決定以後在中國共產黨及人民行動黨之中擇一支持。
1857,〔自由時報記者羅倩宜、彭顯鈞、編譯楊芙宜／綜合報導〕知名的英國經濟學人雜誌（TheEconomist）昨以「笨蛋，馬英九」（Mathebumbler）?
1859,針對經濟學人的批評，總統府強調，國內外政經局勢變化頗大，執政團隊將持續檢討，馬總統對於目前的成果也不滿意，執政團隊會上緊發條、積極改進、全力以赴，希望能早日帶領臺灣走出低谷，也盼全民能秉持信心和政府一起突破困境。
1861,當時他承諾與中國達成開創性協議，結束臺灣經濟日益邊緣化。
1863,專文中指出，臺灣人的生活不但沒有改善，薪資還倒退十年。
1865,今年六月馬決定調漲電價，民怨爆發，雖說臺電虧了很多錢，但很少人理解
1867,2012年十大新聞，由你決定誰最大條！
1869,面對台灣終究是中國的領土的問題這才是國民黨真正勝選的關鍵
1871,要抗爭不就是大聲說拎杯反對你這個無能立委快點出來面對結果找人割闌尾怕被抓還要宣稱自己是路過絕對沒集遊這回事到底哪國的抗爭這麼孬?
1873,這樣亂扯你媽知道不會很難過嗎?
1875,我一直很想找機會和反馬的網友好好的聊聊馬英九完成很多前任與前前任都辦不到的事，單是一個台日漁業協定，李登輝、陳水扁都搞不定，他們整天認為台日友好，但是日本就是不跟他們友好。
1877,當中日就釣魚臺發生衝突時，美軍可直接武力介入。
1879,據美參議院網站消息，參議院全體會議日前通過《國防授權法案》附加條款，指明美國對日本防衛義務的《美日安保條約》第五條適用於釣魚臺；該條款通過，意味中日一旦在釣魚臺海域發生衝突，美軍可直接武力介入。
1881,題痛批，直言美參議院的不智之舉將助長日本右翼勢力氣焰，甚至讓其做出戰略誤判；而日本右翼政客一直幻想和美國捆綁在一起
1883,評論強調，中國維護領土主權的堅定意志和決心不可動搖，在事關國家核心利益的重大問題上，中國政府和人民絕不會退讓半步。
1885,美國有關「歡迎一個強大、繁榮、和平的中國」的立場以及要和中國探索構建新型大國關係的表態，值得肯定。
1887,美國在中日釣魚臺爭端中「選邊站」，不僅將損害中美關係大局，破壞亞太地區的和平穩定，而且使美國在亞太地區的戰略利益受損。
1889,先是破壞立法院再破壞行政院，然後喊革命，暴動被鎮壓就喊警察打人反對暴力；啊自己用暴力時就覺得自己很對很理性，被公權力鎮壓就說政府是野蠻人，真是快笑死人了LOL，有哪個國家的革命家還會不要臉得喊警察打人的？沒有當場槍斃內亂罪現行犯已經是非常仁慈了，有看過悲慘世界2012版)的應該都知道，革命失敗的下場可是當場就槍決的。
1891,我反對死刑的原因很簡單：就是無法降低犯罪率.
1893,所以支持廢死的人想法反而更堅定.
1895,就事後處理的方式而言，死刑真的有用嗎？前幾個月槍斃了四五個，有遏止嗎？.
1897,各位現在那麼氣憤甚至有人傻到想投柯文哲的
1899,民主反對就要用民主來反對怎麼會用暴力來反對這樣跟你反對的人有什麼差別?
1901,我同意你破窗進去嗎?
1903,林義雄這輩子沒做過高官只有坐過國黨的黑牢他是台灣人受苦受難的象徵也是國黨永遠無法彌補的錯看到他就會想起228想起台灣人的悲哀也想起被國民黨屠殺以及關在鳥籠中的那份恥辱!今天林義雄再度站了出來也許有人認為他再胡鬧有人說你不能代表台灣2300萬人這都正確都OK!但誰想過他的苦?
1905,真是很奇怪耶，佔領忠孝東路，核四還是繼續蓋啊想當年地方反對蓋焚化爐時，鄉民正統的)都直接擋路不讓工程車過所有反核人士直接去核四廠的聯外道路上躺平不就達成停建目的了?
1907,或汙染想使用汽油或天然氣又無法忍受管線危險
1909,只會一呼籲、二呼籲、再呼籲，除了呼籲外還會啥？權力在你手上，卻不知道怎麼解決是吧？只想互丟皮球，說不定就莫名其妙解決了是吧？還是說等大家累了，自然就會回家了是吧？或者想等好捧友CHINA介入是吧？可笑，可笑，太可笑
1911,還說未來應該回到「有盈餘纔有獎金」的原則！
1913,馬英九昨主持國民黨中山會報，聽取立院黨團幹部報告有關國營事業績效獎金等問題後，表達支持縮減獎金，力挺改革的堅定立場。
1915,聽完黨團幹部的說明，馬表示，不論哪種獎金，「都要與改革結合在一起，更是改革的一部分！
1917,藍委推動補貼政策制度化對於國營事業員工反彈，指經營績效受政策性因素影響，有盈餘才能發績效獎金是不公平的；王金平說，國營事業盈餘計算是否包含政策負擔之虧損，立法院協商處理預算無法規範太詳細，只能規範最高可以領多少，這部分未來可以再研究。
1919,中國時報【黃佩珊╱臺北報導】景氣差，民間企業年終獎金縮水，經濟部長也受到波及，立法院經濟委員會昨天提案通過凍結明年度經濟部長及次長年終獎金，等到國內經濟成長率連續二季超過三％，或是連續二個月失業率低於四％後，再向立法院經委會提出國內外經濟情勢及因應對策專案報告，經同意後才能動支。
1921,目前經濟部長月薪十八萬元，若以年終獎金一．五個月計算，總計年終獎金二十七萬。
1923,施顏祥說，這是管理問題，借支獎金作法，應該檢討。
1925,對於辨別這個團體遊很大的幫助。
1927,華人在外面太低調了，以致失去自我，缺乏獨立的人格，民族品格和國格，不夠維護自己的尊嚴。
1929,能想像首都市長挺一個貪汙貪腐搞爛台灣還死不認錯的陳水扁?
1931,那以後市長的重大決策做錯了是不是也說只是開玩笑就好了呢?
1933,中國時報【王正寧、李明賢、單厚之、楊毅╱臺北報導】身兼國民黨主席的馬英九在主持中山會報時表示，國營事業有的處在獨佔或寡佔市場，有的則須面對自由競爭，情況不盡相同。
1935,行政院長陳沖昨日也表示，政院預定二月底前全面檢討國營事業年終與績效獎金，一改過去齊頭式發放，透過擬定改革版本，以期符合社會期待並合理保障國營事業員工權益。
1937,陳揆強調，各部會所屬國營事業績效情形差異甚大，負擔的政策任務輕重也不同，應相對給予不同考量，包括考績與考成獎金是否重迭、同一機構內績效獎金差異及政策性因素的合理性等。
1939,但這隻針對今年的績效獎金，至於明年的情況要再看。
1941,時事民調／國營事業績效獎金遭砍，政府單位憂留不住人才，請問你同意嗎？
1943,陳院長指出，自由經濟示範區之規劃，係秉持自由經濟的觀點，以達成「參與區域經濟整合、「提升國家競爭力」與「釋放企業活力」等三大目標。
1945,行政院指出，自由經濟示範區是依據總統「黃金十年國家願景」活力經濟施政主軸方向進行規劃，陳沖表示，在全世界沒有先例的情況下，經建會花了十個月時間，在內部召開了31次工作會議，並與相關部會進行9次研商會議，提出的心血結晶，可謂內容豐富。
1947,陳沖說，希望透過推動自由經濟示範區，放寬國內市場投資限制、調適相關法規，營造良好投資環境，藉以創造我國參與區域經濟整合（例如洽籤雙邊經濟合作協定、加入TPP及RCEP）之條件，並有效提高國家競爭力。
1949,陳沖強調，自由經濟示範區是臺灣經濟自由化的里程碑，對我國國家競爭力與經濟發展影響深遠，示範區各項議題於今日會議已獲高度共識，僅少部分須再討論議題，請經建會與相關部會研商定案，儘速研提具體方案報院覈定，並同時展開立法作業，各部會亦應全力配合後續法規訂定與推動事宜，以開展臺灣新一波經濟自由化。
1951,蔡：自己國家自己救蔡英文批馬政府無能，已不受人民信賴了，怎可能有重大改革。
1953,蔡英文不忘批馬英九的心思在競選國民黨主席連任，「自己國家自己來救」！
1955,蘇貞昌一上臺火力全開，批評馬英九只會用冷冰冰的數字想粉飾太平，各行業的不公平與各世代的不平衡，甚至財富發生大困難，救臺灣護人民唯有跨黨派、跨世代、跨領域，一起集思廣益。
1957,呂：馬只想當中國人前副總統呂秀蓮致詞表示，四年多來，臺灣的錢外流三兆八千億元，造成失業越來越嚴重，現在連外資都跑掉了。
1959,蘇貞昌指出，馬政府讓年輕學子惶惶不安、國家沒有希望，自己不覺得難過嗎？過去一年來大家都過得不好，物價一直上漲，年輕人不敢結婚、生子，微薄薪水買不到幾瓶奶粉；馬英九是「好命子」，跟人民完全脫節，不知道什麼是飢餓。
1961,鋼盔也要油電雙漲，今年起勞健保也漲價，人民是總統的頭家，頭家都生氣了，公僕卻不在意；以前發生重大事件都有官員負責，如今人民生活難過，卻沒有官員下臺，這個政府完全是無感、無責任。
1963,在小林老師心裏，每一個孩子都是天真的，每一個孩子都是善良的，每一個孩子都有自由享受生活樂趣的權利，但我們現今的教育環境卻很難給予孩子他們真正需要的~~~悲哀~
1965,同意的朋友請來留言報到一下。
1967,突然想到當年林義雄的二個堅持，一個是立委減半，一個是反核四立委減半這件事從現在的事後諸葛來看，是錯誤的，大錯特錯沒有任何法理根據就說減半就減半我還記得當年聖教主義雄說過立委減半至少可以讓全民少養一半垃圾可是現在情形是垃圾減半了，人民還是選出垃圾喔～不，是垃圾中的霸主我想知道後來聖教主有對此表示後悔還是承認自己錯了嗎?
1969,有輸有贏，即便此刻能打贏日本，是否就能完全扭轉日本自二戰後日漸復甦崛起的右傾思維的社會基礎？戰事總會大幅耗損民力造成傷亡，絕非良方，如非侵門踏戶，不能輕易開戰。
1971,對抗日本右傾政權，迫其承認釣島爭議，階段性軍力對峙本無可避免，只是今日中國的國際處境並未比過往局勢更糟，沒有道理非得走上戰爭一途才行。
1973,這才應是關心釣島局勢的人們的共同課題，儘管它是如此的艱難。
1975,例如澳洲，雖讓開放美軍進駐藉以圍堵中國，卻也積極鼓勵澳洲社會學習包含中文在內的亞洲語言，期望藉此參與即將到來的亞洲盛世。
1977,釣魚臺若真成戰場，除了中日彼此敵意更加難解之外，日漸整合完成的東亞經濟圈更將蕩然無存，對於區域發展甚至全球經濟復甦皆是重傷害。
1979,很難想像，「如果以政黨協商方式、有條件特赦陳水扁，是可讓社會對立氣氛和緩」這句話竟是行政院長陳沖所說出口的，但也真佩服陳沖的真心話大冒險。
1981,政壇的敏感神經，而結論不就是希望阿扁能夠保外就醫，最好是能夠獲得馬英九總統的特赦，恢復阿扁的自由之身。
1983,澈堸穈簹驉A或許這是阿扁的脫罪之辭，但這番話在扁迷的耳裏確實是打從心裏相信不已，在他們的眼裏更是可帶領他們獨立建國的英雄，而這就是臺灣統獨對立的最佳寫照。
1985,或許阿扁會深感時不我與，若在過去國民黨獨裁統治時期，不要說是貪污，整個國家就是總統一個人說了就算，企業進貢還不夠，國庫通黨庫，數十年來國民黨黨產快速累積上千億元，至今信託後仍有數百億元，這些錢裏頭究竟有多少是臺灣人的民脂民膏？因此若要說貪，國民黨似乎還不夠資格，而這也是藍營極不願意真實面對的事實。
1987,花了點時間看了賤民解放區的文章，不得不說，這是目前我看過批判力道最強的反服貿，不，正確來說是反經濟全球化的論述。
1989,不過，賤民解放區有幾篇關於反經濟全球化論述，我認為不管是正反雙方都應該仔細思考的。
1991,憑什麼要大家相信你?
1993,還有政治立場鮮明的同學理直氣壯的說以前跟他很好的國小老師因為一直發深藍的文讓他看的很不爽所以刪了他好友。
1995,搞得支持服貿得聲音好像完全被抹殺掉。
1997,光是臺北市政府今年就編列六億四千多萬元獎金，明年更加碼近三千萬，這些獎金都是人民血汗錢，它們發得合理嗎？有沒有人是不該領而領？本報記者深入探討。
1999,劉耀仁指出，所有與直接執法無關的人員都不應領取罰鍰獎金，因此，明年共編列一億六千一百多萬元道安獎勵金預算，應刪除交通局所屬單位四千八百多萬元預算，交通大隊分食二十八％罰鍰獎金的內勤主管共三千一百多萬元也應刪除，如此一來，市庫將增加八千萬元收入。
2001,當然是下地獄啊所以囉，這個基督教徒之所以會這樣講，純粹就是怕因為自殺而下地獄所以牽拖掌權者，把自殺硬拗成他殺，他就心安理得，自以為可以進天堂了不過話又說回來，這人的所作所為挺貪腐/挺黑金/無腦反核/挺學匪)就算不是因為自殺而死，也絕對進不了天堂啊
2003,印尼東雅加達一名11歲女童日前疑似遭到師長與同學性侵，經送醫後不治身亡，加上接連傳出少女遭強姦的案件，引發印尼民間團體呼籲對強暴犯判處死刑的聲浪。
2005,他回答，「強姦犯和遭強奸人都樂在其中，因而需要考慮是否設立死刑」。
2007,蘇丁16日告訴法新社記者，「這番粗俗言論不應出自一名法官和最高法院法官)候選人之口」。
2009,西拉伊特認定，安迪（AndiAzhar）所言反映印尼廣泛存在的一種觀點，即性暴力是正常現象。
2011,報導說，印尼國會司法委員會迴應，已經質詢安迪（AndiAzhar），這個月將作出決定，輕則警告，重則解職。
2013,替輸家出頭，只有造成社會動亂，大埔張老闆嗝屁了林家也拆了!贏家也被搞得不爽..更扯的是，他們還想將所有人帶到輸家那一方為什麼警察還不趕快將這兩人帶走，關到綠島去呀!跟有競爭力的贏家站在同一邊不是比較好嗎?
2015,中國時報【王嘉源╱綜合報導】北韓已故領導人金正日的長孫金韓鬆（KimHan-Sol，譯音）罕見地接受訪問，他透露自己從未見過祖父金正日與叔叔金正恩，但稱他們是「獨裁者」，並說自己的願望是讓北韓人民「過得更好」，還表示希望朝鮮半島實現統一。
2017,他說：「我也很想瞭解祖父，但甚至不清楚他是否知道我的存在。
2019,關於南北韓關係，他表示：「我不會僅僅支持某一方，將會正視雙方的長處和短處。
2021,我的夢想是，回到北韓，讓一切變得更好一點，讓人們的生活輕鬆一些。
2023,他講述了權力更迭的過程，我覺得非常有趣。
2025,（中央社記者曾依璇臺北16日電）外交部今天表示，美國遭颶風侵襲，災區又受風雪襲擊，將捐130萬美元賑災；美國在臺協會（AIT）說，感謝臺灣慷慨捐助。
2027,外交部表示，災區7日又遭挾帶強風及雨雪的冷氣團襲擊，各地積雪達數吋到1呎多不等，災情雪上加霜，美國聯邦及地方政府已積極展開救災及復原工作。
2029,政府秉持人飢己飢、人溺己溺精神，並感念美國政府在臺灣遭受莫拉克風災侵襲時積極協助救災，捐贈130萬美元（約新臺幣3750萬元）救濟賑災。
2031,外交部說，捐款正由駐美代表處及駐紐約辦事處與美方有關單位研商，擇適當時機透過公開儀式捐贈。
2033,災區正辛苦重建，臺灣朋友的支持及援助超過物質上的意義。
2035,政策性因素訂定標準、研究是否訂定獎金上限、合併考覈與績效獎金等；施顏祥並透露，經濟部正積極研究臺電、臺水、臺糖等國營事業，可透過修法朝民營化邁進。
2037,臺電民營化涉及電業法、臺水自由化涉及自來水法，修法要經過立法院同意。
2039,柬埔寨王國政府當日早晨發佈官方公告說，柬埔寨前國王施亞努當天凌晨在北京逝世，享年90歲。
2041,並稱施亞努太皇是中國人民的老朋友，同中國幾代領導人，都有深厚的友誼，對中柬關繫有重大貢獻。
2043,莫尼列太后對習近平前來看望表示衷心感謝。
2045,相信在雙方共同努力下，柬中友好合作關係必將繼續向前發展。
2047,後因健康問題長期僑居北京接受治療。
2049,他逝世前患有癌症、糖尿病及高血壓等疾病，在北京休養並接受治療。
2051,營養不足，嚴重發育不良，3歲小孩骨瘦如柴，看來來像1歲多。
2053,阿富汗長年戰亂，貧窮落後是普遍現象，人民三餐不濟，聯合國兒童基金會估計，至少有3百萬的5歲以下兒童，發育不良、營養不足，其中1/3情形嚴重，甚至活不了。
2055,這名18歲的小媽媽走了2個多小時，纔來到這座聯合國診所求助，3歲大的古米納，怎麼看都像是只有1歲多，就算現在猛吃高單位營養品，恐怕已經於事無補，更令人訝異的是阿富汗媽媽，不流行餵母乳。
2057,嶀悒Ⅴ捸A難怪醫院裏的這些媽媽愁眉苦臉，她們好不容易懷胎10月生下的寶寶，輸在人生的起跑點上，每5個就會有1人死於營養不良；阿富汗兒童吃不飽，遠在南美洲的哥倫比亞，也有原住民兒童陷入悲慘童年。
2059,游擊隊倖存女孩莎拉：「很悲慘的是我11歲時就被哥倫比亞革命武裝游擊隊性侵，過去11年我飽受他們虐待和剝削。
2061,由拖延時間，同意戶已經沒有耐性等下去，尤其是市府一直在欺騙同意戶。
2063,謝春嬌痛批，北市府自己不去主動問內政部，把問題踢給別人，還騙同意戶說法務部沒回函，同意戶已經無法再次相信市府，她要求本週三以前就要給居民答案，否則將發起抗爭行動。
2065,過春節，而且過節氣氛比過去濃厚，但北韓的黨政軍也沒有忘記，利用老百姓過節時，加強灌輸對金正恩的忠誠度。
2067,北韓新領導人金正恩，曾在去年的一次演講中表示，不忠誠黨和首領的人，不管其軍事才能多麼傑出，都是沒有用的人。
2069,北韓中央通訊社在報導中強調：包括北韓領導人金正恩和勞動黨、政權機構、以及社會團體，在春節之際，就前往平壤「萬壽臺」，向「金日成和金正日父子」的銅像前，獻花拜祭，表露了真情和忠誠。
2071,對北韓來說，春節是民俗大節，所以，包括兒童和學生們，也都涌向平壤的「金日成廣場」、「平壤體育館廣場」、「黨創建紀念塔廣場」等多處，展開多樣化的民俗活動。
2073,公民監督國會聯盟常務理事顧忠華也表示，執政黨在年終慰問金和國營事業績效獎金上「預留空間」，讓人懷疑未來恐以「選票考量」來推翻本屆會期立法院所做出的決議，這是以拖待變，有欺騙的嫌疑。
2075,中油、臺電、臺糖、臺水回溯自一○○年度便不得編列超過一．二個月的績效獎金；此決議引發國營事業工會的強烈不滿。
2077,應考量國營事業的實際狀況及政策因素，反對齊頭式平等。
2079,績效獎金要如何發放，未來仍有得吵。
2081,行政院長陳沖隨後宣示，只有支領原月退休金兩萬元以下的退休人員，及因作戰或因公成殘、死亡的退伍軍職人員及其支領半俸遺族，才能領取年終慰問金。
2083,根據新聞江揆是『被告』被『法官』傳喚到庭但殺人罪不是應該要經過檢察官調查後起訴才到法院審理所以江宜樺已經被檢察官起訴了？殺人罪不是除了要有殺人意圖，還要有相當程度的傷害造成才會以此起訴？學運的學生有人受傷嚴重到這種程度？告殺人，是不是也得檢察官認為夠嚴重才會以殺人罪傳喚被告？還是被告什麼刑事罪就會被以該罪名成為被告被傳喚，起訴時才改？所以本案檢察官已經以殺人罪起訴了？第一線警察也被起訴了？
2085,我反對死刑的原因很簡單：噁爛的屍髮體系會有誤判或惡意判決。
2087,支持FACE的，應先推動終身監禁不得假釋配套再提FACE。
2089,太多台灣支持FACE的以己度人，因此很難理解為甚麼全世界有這麼多人反對FACE。
2091,我就是看不起這家公司！
2093,但你們程序正義的定義，我是完全的不同意，sorry如果說我不同意太陽花就是不民主，那你們強迫我同意，又有多民主呢
2095,笑死人這些委員也是一票一票投出來的罷免可以拿出正當理由吧理由在哪?
2097,「高雄發生大災害你們還在幹政治？這個板沒救了」最喜歡講這句話的是誰？不就是那些八卦板的長駐3.0綠吱嗎？這個板不就是幹政治而設立的嗎？為什麼不能幹政治？多的是在國家有重大災難時在非政治板面ex:八卦板)幹政治的綠吱自己在不能講政治的板面，批評時政批得很爽卻來大聲指責這個「因幹政治而設立的板」在國家有重大災難時不准批評政治人物否則就是沒人性我不知道這算什麼嚴以待人寬以律己的標準？
2099,共產黨目前的做法：1）在海上堅定不移鉆井取油2）應對海上可能的沖突/戰爭，包括2萬噸級船塢登陸艦，導彈護衛艦，反潛巡邏機，飛豹轟炸機壓制越南3）陸上也同時提升戰備，對越南施加壓力4）爭取不戰而屈人之兵，亦準備如果開戰則以絕對優勢殲滅對手。
2101,自己執政時下的重大決定一下臺就否定?
2103,難道他們不知道自己現在反對的東西在自己上臺後可能無法收拾?
2105,這種人還當英雄看?
2107,真的讓人笑掉大牙無知還大聲說給人聽台灣農業在WTO後就死了真的是全趴.
2109,拜託反對的理由再去找一個吧找個讓人恥笑的理由...更可恥的是自己享受著進口農產品的低價與好品質再來說農夫可憐