2,愛情，如此完美卻又失落，皖雅的結局，苦澀卻又實際地描繪了宮廷女子悲婉的一生。
4,書今天朋友已經收到了。
6,對於整個購書過程我很滿意。
8,兩代人之間的鴻溝在優美的文字中慢慢地彌合，讓我回味、思考了很多。
10,書中攝影作品以及文字都向讀者呈現另一個完全不同的時空，我想熱衷於此苦旅之樂的人們，受得起苦，覺得萬分值得的也是這一份精神體驗的快樂。
12,看完這本書的時候，我內心對愛情的看法再次進行了調整，身不由己的調整。
14,不過，很滿足，平淡才最真實~~
16,我們的生活中也需要激情，在小說當中會找到我們也曾有過的戀愛的感覺。
18,學會愛，抓住愛，把握愛，珍惜愛，那就會有幸福。
20,看了此書對中醫養生有了更濃厚的興趣，當然尤其是能使自己又美麗又健康的法子，正在嘗試，但願有效果。
22,嘻嘻，女人就是愛折騰，只要能讓自己變美，就絕不怕麻煩，所以，從這個方面講，算是本好書吧
24,書裏傷感的情節而落過淚感嘆唏噓但是這不是我要的每個人追求的愛情不一樣，有些感受卻是可以一樣的吧
26,看完這本書，確實對我幫助很大，可以客觀、理智地分析問題。
28,正如書的名稱，三毛的這本早期作品不同於後期成熟後那個樂觀堅強的三毛，而是記錄了當三毛還是二毛時的經歷，心境，是她年少時那個愛做夢，有些神經質，傷感的雨季的縮影。
30,張競生先生的愛情觀開國人之先河，在情海愛河中自由的遨遊真是不亦快哉！
32,書中的優美語言如潺潺流水般娓娓道來，給人以美的享受。
34,每次閱讀都會有新的感受，也決定了，不管什麼時候，看到學術講座的書都要買下來好好閱讀好好學習。
36,這是我多年看書的體會。
38,這本小書非常契合小孩子的心理特點，寫得、畫得都是妙趣橫生，因此小朋友的喜歡不言而喻！
40,圖畫過於煩瑣，看的人心煩意亂；文字更是不知所云，壓根不是中國人在說話。
42,倒是“兔子”深得我跟孩子們的喜歡。
44,書中64個例子，從不同的方面詮釋了“編程之美”，遊戲的樂趣，數字的魅力，數字的樂趣，結構之美，這樣的四個部分，最讓我感覺到印象深刻的是遊戲樂趣。
46,珍兒與之心，從最初的愛上，到經歷了坎坷，抵制了誘惑，始終如一，只深愛對方。
48,這無可厚非，人應該先愛自己，才能去愛別人。
50,張曼娟的文字和張小嫻一樣，都屬於療傷係，雖然我沒有受傷，但這並不影響我對她的喜愛。
52,爱她那份淡定從容，愛她那份心細如塵，愛她那份溫柔似水。
54,沒有景緻沒有文采沒有著作的痕蹟沒有大師的精美。
56,但對異地戀失敗的人，是一杯溫水，可以灌溉貌似枯死的愛的能力。
58,長恨歌，我想王琦瑤只是追求自己的幸福，從李主任時是青春追求名利，康明遜時追求的安穩的生活，老克臘追求的晚年孤獨的陪伴，只是她的追求都破滅了～我想如果程先生沒有在文革的時候自殺了，也許晚年的王琦瑤就會願意了吧，願意只有恩情而沒有愛情的陪伴了吧～很不錯的一本書～王安憶說過，她筆下的王琦瑤代表的是一座城市～值得一看哈～
60,一段悽美的愛情故事，當文字也在哭泣時，或許我們就懂得什麼是悽美，什麼是悲情。
62,對於一本廣受好評的書“錦上添花”多少有點多餘，讓人有所收穫是每一個閱讀人的願望。
64,但是當真相來臨，我想心不痛是不可能的。
66,迫不及待地打開來欣賞，果然是期望中的繁體版，更加興奮。
68,臨近畢業，好友一個個離開，雖然沒有過多的描寫，但不免看了讓人心酸，就在一年前我也經歷了一場場大學好友的分離痛苦。
70,畫得好噁心!孩子看的時侯就嚇哭了!到了晚上更是不敢睡覺!買了書還帶來了新的煩惱!比起＜青蛙弗洛格＞＞＜＜蹦蹦跳跳＞＞＜＜小熊毛毛＞＞這個卡梅拉要遜色好多!這本書不太適合六歲前的孩子看.
72,但看了這本書後，才曉得水對人身來說是最好的藥，最好的資源。
74,有些生活，仍是在想象中纔會完美吧，而我喜歡這樣的小生活、小趣味，和淡淡的喜悅和無奈。
76,瀏覽了Air夫婦的網站，看到“壞脾氣/愛吃不吃***”時覺得好可愛。
78,對自身健康的大概瞭解還是不錯的，總之，身體的健康還是要靠自己日常的保養保護，另外樂觀向上，保持健康的心態也是對身體健康最重要的。
80,我邊講還邊惹來許多小朋友圍觀，這更讓他得意了。
82,看了一下，書的質量挺好的，裏面的圖畫也挺吸引小朋友的，都是小熊，小兔，小松鼠之類的小朋友都喜歡的小動物。
84,對心理方面的書籍一直比較感興趣，有朋友推薦我看這本書，於是我就買了，覺得很不錯，裏面的內容很實際，讓我找到自己的人生中不好的模式，並在慢慢改正中，第一次看一口氣就看到了底，但是這樣雲裏霧裏的，後來又慢慢看了一遍，終於悟懂了，而且現在還推薦我的很多朋友都看，並堅信只要你相信，只要你願意去改變你自己，你很可能就可以改變命運！
86,閨蜜總是在半夜三更給我訴苦，說她十分想念某某某，甚至想得廢寢忘食，在那個男的對他呵護備至要星星給星星要月亮給月亮的時候她三天兩頭玩失蹤，如今人家有了女朋友她就要死要活了。
88,就像米娜姐說的一樣：愛的時候，做再多事都不嫌麻煩.
90,我決定把這本書借她看看，讓她覺悟，讓她陰暗的心裏面重見陽光。
92,我希望每一個愛讀書的人，都能好好看看這方面的書，推薦給親朋好友也看一看，讓每一個人在生命受到威脅時都能做出正確的選擇。
94,相信日後身體所呈現出來健康與否，就是此書所作的貢獻，也是作者的貢獻，希望更多的朋友都幸福安康！
96,有些東西做出來“實用性”還挺強，像太陽帽，剛好能戴在兒子頭上，拖鞋，他也剛好能“穿”，兒子自己還說吶“大小正合適”，呵呵。
98,讀了“筋長一寸，壽延十年”一書，使我眼睛一亮，對我一個有自信的人來說：影響力很大，我雖然熱愛健身運動，但養生書籍我也非常喜歡，此書是一本操作性很強的一本好書，在日常生活中很適用，尤其是拉筋方法學起來很簡便，很遺憾就是缺少整骨知識操作要點，希望該書作者在今後的出版中加以完善。
100,好人們的人生，好人們的愛情，然而好人卻也避免不了互相傷害，好人也未必能夠得到幸福，所以又有了好人們的而眼淚。
102,時間，可以消耗愛情，愛情是經得起歲月蹉跎的，經不起的，那不叫愛”忽然間，明白了什麼有了愛情，其實，再孤獨，也算不上真正的孤獨如果在愛中，依然孤獨，那你就需要考慮一下，這，是不是真的愛了!
104,特別是主人公面對困境艱苦奮鬥的精神，對今天的人們仍有極大影響。
106,去感受喜悅、和平和愛……雖然不是很容易，但是我發現最近困擾我的一些負面情緒正在慢慢流失。
108,這是一本非常值得推薦的一本書，我讀後收益頗多，並且已推薦給我的朋友，希望也能對別人有所幫助。
110,不足之處：沒有對部分比較難的單詞做出註釋（有些詞一般的字典是查不到的）。
112,由於本人也是剛讀這本書，暫時不能對這本書的全部情況做到完全把握。
114,我一直使用迪奧的化妝品20多年了，無論護膚品還是香水對我都非常喜歡。
116,我已經買了幾本分送給幾位朋友，頗受好評。
118,星閃亮的是一片黑雲，黑雲不可能永遠阻擋星辰”如果你想讀書，這套書會是你讀過之後絕不後悔的一套書。
120,看了確實有：“...讓我回憶最多的，卻不是人生旅途裏這些成功的瞬間，而是那些刻骨銘心的失敗或挫折...”它展示地是一個真實與真誠的人，一個真心與你分享如何才能成功，而不是一個天才的故事、打工的神仙。
122,小朋友可以在裁剪的過程中，鍛鍊到腦的操控能力，在粘貼的過程，訓練自己的堅持性，當恐龍立體展現時，除了知道了有關它們的知識和名字外，最主要是收穫了一份自信和成就感！
124,購買此書是經過朋友推薦，買回來覺得非常不錯。
126,個人覺得這套書合適小學低年級小朋友閱讀，幼兒園的小朋友可能需要家長陪同閱讀，對大人和小孩來講都非常長知識，非常不錯，贊一個!
128,花樣年華中的往事一幕幕浮上心頭，多麼慶幸我們擁有過那麼美好、恣意的青春。
130,畫面很簡單，文字也很簡單當你陷入一種迷失自己的狀態
132,相信運氣是對生命的侮辱。
134,社會上處處可見“和諧”，人在“和諧”的環境中生活，哪麼每一個人不都過上了幸福的生活嗎？想自己過幸福生活的人，就去看《小知道答案》吧！
136,不停的抱怨，這真是悲哀。
138,和日本語的版本相比，翻譯後的文筆平淡如水，情節發展如同夏日中的找吃的狗----無精打采。
140,總的來說，這是一個頹廢版的谷崎潤一郎式的作品，人的劣性、不滿足、愛情的虛幻，表現的挺好的。
142,這本書倒挺適合那些做選擇時前思後想的女孩閱讀。
144,想到故宮的烏鴉都有了歡喜的感覺.
146,帶一本小冊子，可以傳閱給你的朋友，分享擁有春天般美麗的心情，象鳥兒一樣放飛自己。
148,《求醫不如求己》這套書非常實用，我已推薦給很多朋友，瞧我的訂單，有好幾個都是購這套書的，都是送給朋友或替朋友買的，朋友說我都成了“大忽悠”了。
150,過，我看得頭皮發麻，思想驚悚片不過如此，我在慶幸我們現在過的不是那種生活，不然，寧毋死可是，你要死，老大哥也要讓你愛上他覺得一切都是自己的錯的時候，才準你死這樣的生活，這樣的極權，太可怕了，不敢想象奧威爾是個天才，絕對的天才，我甚至錯覺，他根本就是個先知
152,這本書非常棒，無論從故事構思，還是從表現手法都無不顯示出作者非凡的文學功底，兩個悽美的愛情故事被演繹得淋漓盡致！
154,強烈建議大家讀讀這本書！
156,有的文章純粹我覺得可能還是編的，比如說表姨媽的時候，說成了watchaunt，這可能嗎？？？除非開玩笑的時候故意的吧，任何一個學過英語的初中以上的人都難以犯這種錯誤吧？翻了幾個故事看了之後，積極性大受打擊。
158,我想我是愛孫波的。
160,認真的讀每一個字。
162,但是，始終都能感受到她們的愛是如此真實。
164,後來她出的每一期都買了回來，用四葉草的包書紙包好，這次這一套買了是給朋友的，。
166,開始會擔心裏面的附贈品不知道會不會有，看來是有的，朋友收到了很開心也很喜歡
168,佩服作者的奇思妙想...衷心希望心情總是不好的人們能夠笑對人生其實真沒什麼過不去的坎兒~
170,能擁有全套了，看來笑貓還真有吸引力呢!不過我兒子不怎麼有興趣，可能楊紅櫻的書更適合女孩子吧。
172,王老師真得是很細心，很善於動腦去思考，這纔是真正的好老師，只是這樣的老師太少了，如果在我上學的時候能遇到王老師，我相信我的將來一定不是現在這個樣子，那些愚蠢的老師不知耽誤了多少代、多少人。
174,內容和以往的亦舒小說很不一樣，懸疑重重，女主角的命運也太慘了，無父母可依傍，原來的良人一遇上經濟打擊就退化成魔鬼，伸出援手的友人另有所圖，又和朋友的丈夫扯上曖昧，等到覺察出危機已遭滅頂之災。
176,莫名的悲哀，想像中愛玲應該是金枝玉葉，雖飽受風塵之苦，卻也是冰清玉潔，不想竟也碰到胡蘭成這樣，惡俗的混世魔王。
178,他們兩個在面對愛情時的清醒而不解。
180,想起了寧默那句話，她跟樑葳葳說她寧願輸給她，輸給任何人也不想輸給生離死別。
182,指控西方財團與劊子手勾結廖亦武在領取德國書商和平獎時發表以上談話，該獎是德國第二崇高獎項，僅次於布赫納獎（GeorgBuechnerPrize），以往獲獎者包括土耳其作家帕慕克（OrhanPamuk）、匈牙利作家艾斯特哈茲（PeterEsterhazy），以及捷克前總統兼作家哈維爾（VaclavHavel）等巨擘，獎金?
184,痛批莫言是親共的國家詩人廖亦武接受德國「明鏡週刊」訪問時，毫不忌諱地批評莫言是親近共產政權的「國家詩人」。
186,二○○九年中國擔任法蘭克福書展主題國時，他雖受邀卻被當局禁止出境。
188,有時候，一本好書的標準不是情節多麼跌宕起伏，場面描寫多麼宏偉，蘊涵的社會意義有多深，這些，在很多時候都不是讀書的目的。
190,好心情是要分享的。
192,花了一晚上的時間一口氣看完，喜歡譚斌，喜歡程睿敏，喜歡他們之間的愛情。
194,這本書，對職場小說開始有所迷戀。
196,故事很有哲理，對小孩有教育意義。
198,中國傳統的教育思想有壓抑自我、框定思想的東西，如果看了這本書，我想大人都會掩卷微笑，多麼好玩的故事，多麼陽光的結局啊。
200,人性的昇華，人主宰自己的命運。
202,凡走過必留痕跡，在T版大聲說安全才重要的，有些還不是為了一些小毛病、小異音、小路感...等，要求原廠處理，如果真這麼在乎安全，又還必在乎其它東西?
204,【薦書】許多人一生都在忙碌尋找自己的幸福，卻忽略了在身邊的幸福!有人想尋找童年，有人想遺忘童年，無論那種情況，你都可以在失落園裏找到那種感覺，在我每次難過的時候，我都會拿出這本書來安慰下自己!在裏面能得到心靈的寧靜，我推薦這本書也是希望所有和失樂園一樣的朋友，能尋找開心，遺忘痛苦，請相信黑暗的背後一定會有光!
206,不過還有露出了文人相輕的感覺，如同樓上的那位朋友所說，對自己太看得起了。
208,看了這本書，對自己的確很有幫助，許多書裏提到的事例，其實很多都發生在我們和孩子的身上，不同的處理方式對孩子帶來的結果有很大的差異。
210,看到有人評論這本書恐怖，覺得言重了，其實這只是訓練人正面思維的一種方法，有人評論在公司受到不公正對待也能不抱怨？試想，如果你的思維夠積極，對人對正的想法都足夠正面，你的思想就會對別人產生一定的影響，任何人都需要別人用正確的態度對待自已，包括你的上司，老闆，他們也是人。
212,好久沒看到，如此精彩的書了。
214,開始對穿越文，古代文有了濃厚的興趣。
216,我就被這本書吸引住了，一個晚上讀完了
218,很大的幫助，女兒從弗洛格身上學會了愛心，學會了自信，學會了勇敢。
220,小說更對女性在“法醫”這一“男性”職業之種種身心壓力、人際壓力、規則壓力的包圍下，如何堅定地維護正義、呵護親情和愛情，進行了細緻入微地表現。
222,裏面也有寫娜娜家裏之前遭遇的變故，文筆一如娜娜一樣樂觀但還是有心酸娜娜很讓人心疼娜娜加油咯！
224,其實在網上我已經看過N遍逃愛記了，但仍忍不住買了紙書來珍藏，非常喜歡逃愛記，顧正榮非常符合我們對愛情的想像，深情，溫柔的男主是每個女生都想要的，毫不意外，我也非常喜歡顧正榮。
226,幸好，人海大給他們安排了這樣一個美好的，讓人回味的結局，很喜歡，是值得珍藏的一本書。
228,因為目前客戶不多，所以能遇到的真的很少，誠如我所說的，這就是為什麼會多了七個朋友！
230,這樣很累，我的這個想法也很天真，幾句話沒辦法改變什麼，但我還是會照著我從最初的路線前進！
232,她長大，總能在合適的時候給所愛的女人最好的愛護，雖然很多時候他們並不能見面，甚至連話都說不上，但心底的那個角落永遠?
234,值得首提的是，《哥哥不是吹牛皮》這書名起得尤其好。
236,文如其人，安哥樂觀的生活態度讓他寫出如此生動感性的好文章。
238,看了鄭淵潔的這一系列的書，寫了一篇作文描寫一隻小狗到了外星球的故事，寫得還是比較生動有趣了，連老師也打了個“好”字。
240,哈哈，就她那麼小還靈感，我偷偷地笑，呵呵~當然啦繼續給她買嘍。
242,年邁的祖父母減輕對死亡的恐懼，但是我們可以更多的關愛他們，讓他們在世的每一天都不至於感到孤獨。
244,因此不受連續性的限制，你想什麼時候讀都可以。
246,不過，整本書看下來，能讓我開懷大笑的也就2、3處，不過足以~~~~在現在的生活環境中能有幾時開懷大笑呀~~~最後，本人想說，此書適合比較有童心的人閱讀~~~
248,我寧願相信，至少，心裏會有很多美好的感覺。
250,薑士安出身貧苦，但憑藉自己的點滴的努力，取得了事業上的卓越功勳。
252,若干年後，時過境遷，韓琳依然是薑士安心底的最愛，韓琳也能愛了，但薑士安不能了，社會、道德、良心，兩個人經過了苦苦掙扎……
254,六歲時，唐優優開始口吃，這令他自卑又孤單。
256,這裏什麼都有，就是沒有無聊！
258,夢想一旦實現就不在具備夢想的屬性，愛情亦如此！
260,所以英諾森提的插圖本身就是宏偉圖畫，值得慢慢品味。
262,第三者，逝去的四年的時光留下的也不會是愛情，只是對於年少的懷念。
264,明明是個比何適好一百倍的男人，明明是個比何適更加適合她的男人，步懷宇，讓人覺得可以依靠的成熟男人。
266,我也是，一直希望自己的力量增大，希望戰鬥中下出手筋獲得優勢，乃至勝利。
268,於是孩子成了父母願望及個人喜歡的成長載體。
270,這樣的教育方式已經值得我們反思。
272,收到書的那天，正好是和兒子一起去郵局去的，一到家，他就迫不急待的打開書，一口氣全部看完，特別是對書中動物、人物的神態表情，一遍一遍地翻過來對比，突然，他在房間裏大聲喊到：媽媽，這是我六一兒童節收到的最好的禮物！
274,疼老婆是一件好事!很好....像我也是剛結婚!!雖然家裡有車子雖然上班公里數差不多要13k不過能盡量不開車還是不開車!說真的開車油錢好貴唷....除非天氣真的很糟糕才會想要開車!!兩個人的收入差不多不到六萬不過....沒認真算過不知道有沒有結餘....騎機車跟開車的開銷真的有差....多存一點真的需要的時候在買吧!!說是這樣子說!我自已也想買台車子給老婆開....
276,或許今天當事者並不是你我，我們無法體會樓主當時在高速公路上的心情。
278,相信這才是車廠需要思考的方向。
280,關於你的疑問，確實沒人保證開雙B就不會死，開T就穩死，但發生車禍時的存活率確實有差，單單為了出門時可能有十萬分之一發生事故，發生事故時的存活率差10%，這樣算起來只增加百萬分之一的存活率，有需要選購較安全的車款嗎?
282,一堆豐田的護衛隊真可怕哪天死的是自己跟家人才會開始哭方向燈在行駛中絕對不是小問題足以釀成大事故連基本的安全問題都不注重真的很可怕車主花那麼多時間跑原廠是活該嗎車放在原廠那麼多天要另外花交通費是活該嗎損失誰來陪ˊ不尊重生命安全只會上來沒理由護衛的不過是加速蓋大樓的速度建議樓主一定要找消保官
284,我比較擔心的是重機那天不會打滑失控迎頭撞上你至於一般小汽車路上開的有九成以上沒有循跡系統吧舊車不會有新車要高階車款才有)你真的天天在想在你四周那些國產車那天不會打滑失控迎頭撞上你嗎?
286,油電俱樂部裡一堆人一年跑不到一萬公里捏....但人家還是買油電車耶....為什麼?
288,臭酸的話題....東想西想，勉強掰出一些東西來阻礙。
290,的確...內文最後一句身為同級車銷售龍頭的CAMRY車系，在推出新一代車型後，再度以十足地配備與安全防護，延續著車系廣受歡迎的最佳地位。
292,還可以賣的那麼心安YO!!ALLNEWCAMRY新款的喔!讓人家感覺新的一定比較好如此行銷法手實在讓人不齒
294,ALTIS開過之後，覺得還蠻穩定的一輛車，跟他牌車的落差不會太大但一旦開過他牌車，再去開CAMRY....我覺得好像是在船上，晃啊晃啊，每每下車都會些許頭暈，方向盤輕
296,但想了解的是，車商倒底什麼樣牛肉呢？17吋圈：佛心來的：給到330mm交差了事：只給303mm兩者對制動力有何影響，請爬文，不在此贅述！
298,只要能讓我安全回到家，抱抱小王子，與女王說說情話！
300,還有，最不期望的就是這種比爛的砲火！
302,都只剩下2SRS，這對消費者來說，是「福」還是「禍」呢？本文的目的，只是給想要Camry的準車主！
304,請注意且小心的操控它！
306,安全~是唯一回家的路！
308,樓主我只開過一次ToyataAltis我完全無法認同其造車理念整個軟角到不行如前面有人說它是一台無趣的車對許多人來說它充其量就是一台有鐵殼的移動工具但如果這是你的人生的第一台車長輩有出錢那就乖乖的買Altis...保值好養慢慢開練練開車技術努力賺錢以後直接換更好更安全的進口車在台灣只有進口車有國外公開抽測的撞擊測試報告國產車都沒有開Altis有鐵殼包著遮風避雨至少比騎車安全多了
310,我是2010年3月購入的，近一個月我的車也開始發現有冷氣開啟異味（酸味）問題，看來這問題並不是個案，和泰應該重視並給消費者一個滿意的說明和提出積極有效的解決方式，而不是任由保養廠以一些無效作法暫時安撫消費者，如無持續善意解決，恐又要演成集體消費糾紛事件了，相信亦非和泰公司所樂見。
312,不只RAV4吧，我朋友的2007買的ALTIS新車3個月不到)味道就很明顯了，因為我親身體驗過，我覺得ALTIS狀況比我自己使用的RAV4還嚴重，我的RAV4半年了，至少目前還沒有味道。
314,不過沒味道的車友大多有關A/C後再送風個1-2分鐘的習慣我就是)，建議車友可以試試看會不會有改善。
316,如果我是你我仍然會選擇現在你這樣的生活不關有多少艱難的時刻但都以溫馨的語言描述過去生活就好像澳洲的海洋和陽光美好而燦爛有安東尼蚊子的陪伴漫長的時光也不再難熬我有2本1本自己的一本送給遠在日本的男朋友希望他在是失望難過傷心的時候看看安東尼的字在這個世界上有很多像他們一樣的孩子有安東尼有我陪?
318,偶像劇：一定是醜女配有錢的帥哥，不然就是醜男配美女。
320,假如拓海的車子是GTR，然後跑贏86，你會看嗎？你會覺得刺激嗎？你會覺得神勇嗎？所以劇情通常拿不可能的邏輯，去引造所謂的刺激與入迷。
322,光是那隻開關就不太便宜了，一個壓縮機破萬是正常的!不用擔心買到車王
324,請嚴肅的，認真的面對！
326,看了太多的爭論了但ToyotaAltis的銷量真的很可觀，我對它沒有偏見，可惜的是太多人開了，幾乎滿街都是...如果可以稀有點，也是台不錯的靚車...題外話，買賣就是願打願挨，所以安全性、油耗有的沒有的考量都在個人，我想是沒什麼好爭的，真的要爭取的是薪水吧?
328,當然是包含技師、業務各種員工，這樣對台灣的經濟才有幫助...
330,大家的建議與分享的結論看起來沒啥問題，我想問題的解決因該不會有問題，或遺症。
332,也在原廠保養，遇到這事還真是第一次。
334,之所以有疑慮是因為這些保養的人都是熟面孔了，不過今年這些老師不見好多，沒想到之前私底下爾有聽到抱怨原來是真的還走這麼多人，所以我才有疑慮。
336,可能你剛好沒遇過那段強風吧，我週週往返新竹-台南和美那段風真的強，但是要看季節，並不是每天都是這種大風，最近12月份風很大有時還會被雙面巴來巴去.....FIT的懸吊與yaris比差不到哪去尤其後懸也是用廉價的非獨立式懸吊。
338,喔喔~~~原來是車寬啊~~~102英吋~~~~因為差不到10公分而進不來真是殘念啊~~~感謝G大的分享另外我說的歐規問題不是指排放而是指ECER66車體翻覆測試很抱歉沒說清楚而這一項測試美國大巴並沒有做但這並不代表美國車不安全而是因為要過台灣法規還要再測一次對原廠來說很麻煩不過是可以用少量的方式進口不過光是驗證費用就不少錢了
340,如題小弟國中時腳踏車曾被偷到現在買了人生的第一台車altis也還是有陰影週遭的親戚朋友都說我太誇張就只因為原廠的中控鎖個人認為這個沒用防君子)、原廠終級排檔鎖外小弟另外裝了鋼甲武士10代扣鎖、神眼傳訊鎖及車輪鎖若要開這台車總共要開5道鎖要開車是麻煩了點但是反之要偷這台車也要開5道鎖除非整台車拖走...請問各位大大都是如何保護愛車呢?
342,被抓包一定很好玩～～記得要從打電話開始錄影存證～說不定～～又會誕生一個出去哥：我又沒叫你來，出去！
344,是日本要我們怎麼裝裝多少的不是和泰決定的豐田占了國瑞跟和泰百分六十的股份決定全都由日本人決定~~想要好的內裝好的配備好的東西請不要跟和泰講也不要跟國瑞講在01上講也沒有用~~請跟日本人講謝謝!!
346,很多車主抱怨冷氣空調有很重的酸臭味---新車時卻時有很嚴重.
348,而是要買有NCAP5顆星的認證車種....你說的話好像國產T撞到會死人的如果多花10~20萬的其他車種就不會死了我這樣解讀你的話~對嗎?
350,似乎很多人開車整天怕車禍。
352,您喜愛的配備要炸出來喔~哈哈不要最後在某些地方時才反應.....喜歡就喜歡不喜歡就不喜歡，只會說這些廢話~!!如果只是要廢話就閃一邊吧~!!論油耗...1.8F排應該算他最耗油~我還要補充一點...有人喊A沒內鐵!!過那麼久還是不知道有沒有內鐵去爬一下文吧
354,馬2長3.9米，也才1039，上一代國產SWIFT頂級版也只有1045，還有其他我就懶得找了，認真說來yaris重量算中間範圍..另外..得了吧!還什麼對號入座?
356,這種車重比較，是給那些喜歡論斤秤兩評論車子好壞的人看，你如果沒這種重量迷思，又何必堅持yaris比較輕?
358,不然怎會滿街都是你們所謂的垃圾?
360,沒有嘛，所以第三排本來就是有時候遇到應急用的，不是日常都要坐人的嘛，那你嫌他難坐幹嘛?
362,由此銷售數據而言就可以知道消費者多可憐在先進國家車廠因為政府撞擊測試及法規將ESP+6氣囊+5星車體列為基本配備人民也不太懂這些東西的重要只因為基本款就是這樣最高階產品才是有DVD等娛樂配備台灣剛好相反最貴的才有安全配備最低階的基本有娛樂配備你看台灣人多命賤你看台灣車商是否該多為消費者把關消費者不懂車就算了車廠應該多為消費者把關
364,說實在的這一代的camryG款比我的03年的還差缺乏TRC與VSC主動安全配備就不說了而這些03年的都有我不滿意換掉的1.
366,喇叭這一代還是差勁透了。
368,請注意是定期運轉而非每日運轉，其實只要下雨天就必須開冷氣來除玻璃起霧就可以了，或是每週開一次冷氣，冷天開冷氣一樣會增加油耗，而且是脫褲子放屁多此一舉，先把空氣經過冷氣風箱把空氣變冷，再經過暖氣風箱把冷空氣加熱，吹出來是暖氣，所以除了因下雨需第一段把空氣變冷加除濕外，其他時候無須用壓縮機去做空氣變冷的動作。
370,你果然沒常上01做功課，之前才有一篇專門討論天窗的優缺點的文章，其實車子這種東西，要買之前我都會考慮配備未來的加裝性...比如說，假設今天我不確定要不要買有天窗的車，那我會先加錢先買有天窗的車，原因很簡單，萬一買了車後，想要有天窗，我也不會後悔，但是萬一我沒買有天窗的車，以後有錢也加裝不了，但是萬一我不喜歡天窗，那也沒差，反正就把天窗隔板拉上，在車內看起來一樣跟沒天窗的車一樣...
372,擔是，看了拉拉之後，我覺得聰明的女子更讓人心生憐惜。
374,一年前一個很好的朋友發了我一本電子檔的，沒有看下去，這次在當當上買了之後，用了兩天看完。
376,對於那些聰明的女子來說，更是一個完美的人生嚮導適合珍藏及細讀的一本書!推薦
378,一旦你發現什麼事情好像很完美了，其實它就哪哪都是漏洞。
380,並不後悔當初的選擇。
382,我覺得你們這些再說人家派工讀生也很好笑...哪一點讓你知道他是工讀生?
384,拜託一下，人家只是比較喜歡T牌...你也不用這樣子說而且...如果要說ESP跟氣囊...ACCORD跟TEANA這幾台~都是要最高階的車子才有的~想問一下這幾台是否也差不多?
386,不過Camry或是以前進口的Coronalla及純進口的都還算不錯
388,小弟趁今天去保養車子時，順便跟原廠員工聊天小弟想了解一件事，ALLnewCamry的配備這次這麼差，倒底是日本原廠的意思，還是台灣總代理的意思員工也很誠實的說是台灣總代理的意思所以小弟差點誤會日本原廠和泰啊台灣人民的生命這麼不值錢嗎不值到連安全配備也要拿掉嗎，還不能選配連原廠員工都很失望
390,你不會看嗎我是積極想看啊你看不懂嗎樓主比我忙很多要上班要客戶要妻小我也沒挑釁啊挑釁是說我油耗比他強才叫挑釁好嗎我是想改買T牌才想看啊你沒看我貼出一堆好康的喔我百分之一萬要測試的啊你那麼挺樓主那你請他出來或你有加入贏了你也有的分如何我找臺階下咧你要不要也來參一腳一起看看休旅車最強境界啊
392,其實，大蟒也並非這麼完美，還是有很多缺點的！
394,當然只能靠私下的交情多交些汽修科的朋友只有好處不會有壞處啦汽修科在汽車版上應該要得到相當程度的尊重才對哪天台灣尊重高職畢業的技術人員可以像尊重大學裡的博士一樣那我們的工業水準就可以跟歐美媲美了
396,如果立法強制規定要有ESP跟氣囊各數要求那些賣不好的車廠會死得更慘.....換個角度想如果F牌國產也只有兩氣球無ESP....那會賣得更好還是更壞?
398,因為業代希望我都打10分，他說9分以上才能拿績效獎金。
400,又怕意見欄打太多，以後回去保養，會被車廠貼上標籤，真為難阿..
402,請先準備200萬HONDA的引擎好~說真的沒開過~有機會真想試看看我想主要還是口袋深度才是決定一切吧NEWALTIS個人覺得還不錯~雙安四碟ABS動力足夠日常使用~保養也不錯~
404,油耗比安全配備還要更吸引人更重要?
406,建議是~又不是沒有其他更好的選擇....只能祝福各位購入的車主以上，沒有別的不好的意思，單存個人意見一個看不慣這樣欺負台灣消費著的人
408,小弟的RAV4是2009年6月交車，未開A/C開關前，只有送風一樣酸到不行的臭味......後來索性把冷氣空氣過濾網拿掉在試~~~結果還是一樣...到達目的地之前開送風把風箱吹乾
410,這篇文章跟福特有關係嗎？孤鴻海上來你真的很會硬凹捏各國強制安裝的安全配備，如同安全帶一般只有台灣政商牛步，還是說你跟他們有一腿？擁護T牌到這種程度，也真有你的畢竟花錢買Toyota的是別人，也不是你對吧？別人家的小孩死不完如果因為你一句話讓其他消費者對安全性有了錯誤的決定甚至間接導致未來事故的發生那業報是一輩子都還不完的
412,och15說的是正解，我之前就說過了，越是短程距離的行駛，通常油耗會越差主因就是冷車時的引擎效率不佳，若多為短程行駛，引擎才剛達到工作溫度，但又準備停車了，油耗要好還真的很困難，以我自己來說，每天單程至少33公里，上下班來回至少66公里。
414,這安全問題很像騎機車裡也常發生~安全帽與護具問題~戴全罩好還是瓜皮好~要穿護具不穿護具每個人都有自己答案~之前朋友也是大概這樣講~我慢慢騎就好沒必要戴全罩穿什護具笑死人~反正每人注重的點不一樣~有人會買就是會買~就顧好自己就好~重點只要遇過一次就知道有那些安全配備的好反正很多都是要花錢買經驗體驗就知道~
416,還價錢都訂好了咧...雖然還算是行情價!但可能就是抓住價錢不算貴，怕麻煩的心理詐騙!!建議一定要找警察!!不一定是機車要賠汽車!!雖然你們沒犁田，人也沒事!突然想到:叫警察來，先開牠一張亂改大燈HID)，應該比2500貴很多!還要驗車!!可能牠會倒給你一千，抱著牠的下巴落荒而逃!
418,我看這本書覺得情節不錯，很好的寫出了祈然對冰依的愛，尤其是冰依死去的那一刻，我覺得有點感傷。
420,我的也有我是元月份交車的剛開始看到網友的反應還以為應該只是少數案例沒想到自己的小4也發生了這樣的情形五月份開始有味道酸酸的)家裡共有4輛toyota卻沒想到是最高價的2.4g尊貴才4~5個月就先有毛病toyota該打屁股好好檢討100多萬的車連個冷氣異味都搞不定是笨嗎?
422,謝謝樓上兩位大哥的熱心回覆我已經去原廠詢問了原因就是戶外溫度低所以空調會自動調節車內溫度後來今天開回家時戶外21度我冷氣23度我把後座出風口關掉結果前面冷氣竟然不夠冷有點溫我馬上把後座出風口打開竟然吹冷氣想說這麼奇怪前後竟然顛倒馬上把溫度調低前面的出風口就吹出冷氣了今天去原廠就檢查而已還幫我洗車算是賺到
424,優點是地理位置不錯，朝南的房間可以看富春江，可惜給我的所謂高級房是朝北的，怪不得人家說攜程的客人比較受歧視。
426,同學你說話好激動充滿了驚嘆號比我還像被撞的受害者哦我也強調我寧願相信我也沒針對台本也許是日本本田本身決定不需要內鐵的有正當理由的COSTDOWN是很合理的)為什麼沒有後內鐵..這問題就留給日本本田去回答吧還有~這裡是牛頭版討論太多H的車子有點喧賓奪主了版友們單純把這案例當成笑話笑笑就好了嘛
428,被側風推或打到，大家多少都有經驗，與車身流線程度，車重，車高，輪寬，動力，避震器，方向盤智慧，重力回饋設定都有相關。
430,原廠要有能力及意願來主動研究及保修它，車主遇到這個問題已經很不舒服了，請原廠用最大的熱忱來處理。
432,如果是因為偷掉安全配備安全氣囊，VSC，盲點偵測系統，來壓低價格，那這種CAMRY，不要也罷。
434,車子的安全是很重要的，這些人等於是用無形的力量在殺人，新一代CAMRY一定會大賣的，但和泰卻可能讓台灣的消費者只能買到不安全的電子花車CAMRY。
436,那請問你為什麼我朋友開車場的~也都是在開T牌...真的好怪異==他不懂車~卻可以開車行~呵呵~雖然你說的是很多T牌車主，但是我想理性的跟你說...如果要喊安全性，跟穩定度...好多銷售前幾名的車子，穩定度跟操控度跟安全度都特爛~!!我問一下~!!如果今天你沒有甚麼錢~你會買啥?
438,在台灣，選Toyota不會後悔。
440,我在奧地利坐朋友出廠四年的賓士柴油車。距離五十公尺。還沒看到車就聽到柴油引擎聲。不知是不是歐洲賓士都比較爛。賓士車或許比較安全。但不見得好開舒適故障率低。
442,這樣講就會有人說命只有一條要買就要多花點錢買安全的車如果有錢可以買好一點的進口車開起來操控好爽度又夠又拉風誰願意開國產車?
444,這就是有潰縮和沒有潰縮的差別，也可以說是「內傷和外傷」的差別！
446,打一下那種的感覺，會覺得全身都麻了的，如果大多的話，可能會震死吧！
448,希望藉此文章來喚醒和泰高層的良心。
450,因為CAMRY沒有EPS，台灣一年會有多少人因此受傷/死亡。
452,難道台灣人的命不值錢嗎?
454,哈~~~~想到一個原因了，因為我們都只重外表，不重內涵
456,或許外面的不是正廠零件。
458,不會吧!!!我也是讀清華高中耶!更巧的是我也是高榮線我都是坐這台好幾百萬的車上下課喔哈哈哈車子很新，司機態度很好喔!是妳爸爸喔，重點是坐起來好舒服喔...每次要上課一上車挑好自己想要的位子，舒服的坐著。
460,油耗的問題有點老生常談，管好黃金右腳，胎壓要足我是36PSI)，機油不要太濃或過量。
462,整體造型美翻了，不知道上次RAV4我們台灣輸給烏干達以後，這次Camary為我們喜歡冒險犯難的台灣人特製的特殊安全大改版可不可以贏過烏干達，如果能贏烏干達的話，真的很令人高興啊．什麼？搞不清楚什麼烏干達請看這篇http://www.mobile01.com/topicdetail.php?f=264＆t=2367723
464,有很多人改燈就是改亮到別人眼睛刺眼和痛也不管..那種就是沒車品的...真正會玩改車的人沒那麼笨..只顧自我感覺良好..^______^
466,不過國內遊覽車用的都是PVC仿皮悶熱又不透氣，長途搭乘的舒適性較差版大父親添購新車時不妨考慮和噶瑪蘭客運一樣的平織布椅吧客機、高鐵等長途運輸也都採用平織布椅除了視覺較有質感，舒適性也比PVC優清理方面也不像早期常用的絨布，悶熱難清理還容易卡灰塵佳豐現在好像做軌道車的座椅比較多？
468,Toyota剛好相反，第一批一定用料最好，後來才會慢慢Costdown。
470,司機也是人沒人願意拿自己生命開玩笑司機道德早就被景氣給幹掉了這兒的官員有幾個是司機出身的法規多且很多是很不合理罰金又高一般人出事了大多同情小車這兒不講道理只講大小偏偏做大車司機也要養家收入一年不如一年下延長工時是必要的累錢又少又有表哥整天拿法規找麻煩是問道德是..........
472,車是新的，胎也是新的，真是嚇死了，還好後來買車的業務免費幫我換了一條。
474,請問ALTIS10.5冷車啟動轉速2000RPM是否有問題新車時還不會第一次保養完有換自排油)就這樣了問計師又說正常但公司裡5台ALTIS都沒我這樣高開我朋友的冷車發動也才一千多引擎安靜不吵雜不像我的非常的大聲雜音很多我在想是不是常常高轉速熱車有傷到一點PS機油使用5W50原廠油發車必熱車不開快車10.9兩千轉維持幾秒鐘而已後面會慢慢的掉回一千出頭我的疑問是為何朋友的車不會這樣而我的會是否有辦法調整
476,話說我以前在九和維修，還真的看過警車在拆變速箱耶!
478,塑化劑喝多了結果是..相信大家都知道沒關係，沒關係技術補足一切
480,誰友善，誰不友善大家都看得很清楚每次講到油電總是會有很奇怪的批評priusc沒開過不過個人經驗會覺得油電車力量不夠
482,以數落豐田的不足來突顯你開福斯的優越只會搞臭福斯車主的名聲擁有如此極端偏頗的觀念沒有資格駕駛福斯批評豐田車主格局小自己卻是自我感覺良好的井底之蛙不尊重豐田車主你也該自愛保障一下福斯車主的尊嚴吧補充說明:你朋友照品牌車主僱人的方式絕對做不久因為比豐田車主更沒格局
484,我也從沒買過toyota的車不是toyota不好純粹是預算剛好不在那個階層;除了老婆曾在加拿大買了一台yaris;但我從不認為別人買toyota就是不懂車或啥的青菜蘿波各有所好如果你的車被說成是垃圾/會撞死人的車.
486,換個角度看有些冷門車的車主自以為很有品味很懂車那些人的車在別人眼裡可能比toyota更像垃圾
488,豐田車子很大眾化符合最多人的選擇但缺乏個性化不過台灣人很愛跟風潮的這在台灣變成不是缺點第三點很忠肯歐系車遇到爛路真的會抖出一大碗
490,你可能會得到新人獎其實你說的沒錯不過這必須運用到你的智慧與眼光做出你的風格應該會有收入我有認識2種業務一樣100俱樂部一個能折就折連年終都折下去苦哈哈一個一台車都有辦法留2w笑哈哈2w那個長的很老實說話穩有內容不單只是賣車是假專業汽車顧問這是他的本錢不過事實它是個很會包裝的人~我發現上面有人說訊息月曆電話送禮蠻會談判還能留錢)不做徒勞無功事情ps不會買的客人)祝大家民國100邁向100
492,哈~!!您繼續!!您的車也是神車!!原來你的FOCUS有ESP+好多SRS~好強喔原來買TENAN，ACCORD，CAMRY這些車沒有買頂級款的都是可悲的沒有安全駕駛車喔~不錯喔!!原來FOCUS才是真正的神車~!!讚啦
494,其實就樓主描述及照片看起來，也不能全怪是神車不好!彎道中時速70已經不慢!再加上是爆後輪，肯定會有甩尾的現象!再加上路面品質不好的時候，翻車應是不意外，每個人對車子的敏感度不一，反應度也不一!照當時情況能救回來的!應該是經驗老到，有不錯反應能力的人!.....總之人安全就好，車再買就有!去收個驚，改改運好了!
496,國外之前就作過測試了找一堆自認為反應一流、技術不錯的一般駕駛人來開結果ESPOFF的情況就是打滑失控.....ESPON則好很多我發現01版上神人很多，老是嗆別人不會開車自己最會開我在想這究竟是自我感覺良好或是自我安慰?
498,說真的新舊引擎又如何看上眼的還是一堆你跟他講新舊引擎的差異可能也只會回答差不多啦能開就好但是你跟他說這個新的走DVD瑩幕+衛星導航啥咪5.1環繞音效不用加錢一堆阿薩布魯的配備這套對很多人都是一大吸引力畢竟引擎看不到DVD可以在車上爽這就是車商把台灣人的胃口養大了沒有6個安全氣囊沒關係就是不能沒有DVD螢幕沒有ABSTCSVSD一堆電子配備也沒關係反正開出去自爽就好
500,說白了只是各取最適合自己的車罷了我這樣也算正名嗎?
502,有錢為什麼要買Camry?
504,有更多的車子更好玩為什麼都是這種中大型經濟房車?
506,不一定，看內鐵或欲裝內鐵處)後的車架結構，沒比內鐵強衝擊就傳過內鐵傷車架，反之就由內鐵吃下衝擊這就跟轎旅或SUV前後白鐵硬質保稈外掛別亂裝是一樣意思，原先好好的塑質保桿.
508,恰巧剛入手CT不久...首先，我覺得油電車不好開，但好玩！
510,如果要off-road，該擔心的不只是動力來源了至於環不環保、省不省錢？抱歉，我幾乎沒考慮過這些問題！
512,我也覺得有ESP固然很好，但絕對不是萬能一台車失控，若沒ESP，鄉民就說，因沒ESP
514,一拿到《好媽媽勝過好老師》就欲罷不能，好書啊！
516,讀《好媽媽勝過好老師》後，最大的感受是我知道自己錯了。
518,哈哈這跟這主題有關嗎?
520,請恕小弟無知問一個疑惑已久的問題...既然GTR那麼厲害，為何中里毅會輕易的被帝王隊的板凳球員清次打敗?
522,就算質疑中里的技術，神之腳在下坡也徹底輸給了啟介，神之腳的技術沒人質疑吧?
524,事後我已經去裝原廠後內鐵了拍賣店家有進HONDA原廠後內鐵裝到好大約10張小朋友有找)Altis放馬過來吧當然是說說而已..希望所有車主小心開車~安全第一啦!)我在VtecSpirit的ID跟這裡的一樣啦~請多多指教)
526,假如他不安全，買你覺得安全的車啊!假如開起來不像跑車...那就去買跑車啊!!配備不夠，沒有足夠的安全氣囊。
528,藉此分享一下人人喊打的鉛酸電池情況一般人對車用鉛酸電池直覺就是高污染的毒物鉛本身的確毒性很高但是回收容易又有利可圖無須任何補助回收鉛本身就有利潤只要收回廠的防汙設備做好就行以美國來說車用鉛酸電池回收率達到99%老化鉛酸電池一般狀況下也不會被棄置拿去家裡附近的電池行都可以收個150-300台幣間視鉛價而定鉛酸電池的回收循環中只要管制好非法黑心不裝設防汙設備的回收業者污染事實上很小
530,殊不知路邊伸手乞討的，有可能是開大賓士呢...至於反駁您的論點，也是您提出的論點實在過於荒繆路上常見到的車，只不過是符合大多數人購車的需求省油，妥善率高，並非啥安全性非常好的車款尤其是偷過安全配備的車款，而小弟的目前的所開的爛車，等級也只比國產的Camry再高一點而已不是多好的車子所以就不拿出來說嘴了
532,不扯太遠現在長輩還是認為國產車買TOYOTA手機門號用中華電信光這2樣就有夠糟糕不是T牌不好而是代理商的心態很糟糕反正:買T牌的不會開快車然後台灣的國慘車基本上配備都是不夠的電信公司更....網路還是不對稱的ADSL速度更...但是長輩們還是這麼認為不過等我們這些青少年變成所謂的老一輩的時候我不相信還能再賺到我們的錢
534,銷售不只是1500輛，可能還會訂不到車，很多事情不是了解的才是了解，不了解的比了解的人多，每個人都說VIOS安全性很差，但是它銷售的確不容小覷，所以大大你是最了的，不瞭的更多，所以買的都是不了的，以我這個對T牌不研究的人來說，你問我他偷了什麼，我真的不了，但是有預算我還有點想買，哈哈
536,之前在汽車百貨看到這隻司柏奈)德國油在台分裝在特價188，想說俗俗買來用用看~起步輕快引擎聲變小但太黏尾速縮掉了還有清潔性不佳聽朋友介紹下~用了力豹仕~真的好用~拉轉力道猛爆~可惜油耗差了些跟其它牌10w40的機油比)後來看到倉庫賣的agip5w40~忍不住又想買來玩玩看~還蠻省油的~倉庫賣的比汽車百貨便宜好多~好賣家^^這幾隻油是我用過還不錯的~貼上來讓大家看一下
538,但品質，品牌或省油的優勢是不是真的一直維持，2.5的銷量很快就能反映出來，
540,其實討論就好，也別針鋒相對...唉，說太多，等等我也會冠上護衛之名.
542,個人家裡有Altis10.5也有Focus不過是tdci的)其實兩台車各有各的好處如果主要都是市區行駛，Altis也很不錯啊CVT變速箱開起來很平順雖然安全配備稍微差一些，也應該還可以接受至於Focus安全性來說比Altis好一些個人認為啦)雖然還是使用4AT變速箱，所以油耗會稍微差一些但是安全無價啊至於Fortis因為都沒有接觸過，所以不好評論
544,如果不常跑高速公路，比方說小黃如果後做不常帶小孩，或是只有偶爾載不熟的朋友那安全配備低一點無所謂，可以省很多錢台灣人命的值錢程度隨著國力不振早就成長有限只能說，不同產品有鎖定不同客層想要強調安全的，自然會去買其他車廠的或是進口車不然去買Lexus啊....安全氣囊或是ESP都少不了的便宜就是有便宜的做法，有錢能買汽車，誰想要騎機車去肉包鐵呢?
546,這種狀況我最近也遇到，一位長輩在借開IS250上武嶺後，直接說買這種車真不值得，倒不如買Camry還比較舒適，他介紹好幾個朋友買camry，每個開過都讚不絕口
548,自己的神主牌被說到缺點，就一定得如此酸嗎？成熟點吧！
550,請注意且小心的操控它！
552,安全~是唯一回家的路！
554,此道路為單線道但是道路上並不有話單向或是行駛路線路邊無話黃色線道也無紅色線在整個過程中對方撞到我之後變成靜止狀態以機車量的距離與寬度大約是1.5臺車也就是說機車改4輪以人的話可以至少佔4個人所以你說你們說我氣憤不氣憤重點是看他服務那麼多年的環保局垃圾車既然會撞我車子會不會太誇張了再稍微些10~15角度轉彎處太誇張了只能說只想回他幾句髒話哈哈
556,安全線已到--我見過開到鋼絲外漏還不願意換的車主卡車，這種人最可惡，沒錢換胎開什麼車，走路就好了，不要害人。
558,如果是直線因該會比較好一點.
560,前年是我老婆嫌她手邊錢太多想換車見鬼了我窮得很她卻有錢?
562,小弟只是將龍捲風與之前討論沸沸揚揚的事件提出來而已，並沒有批判任何車.
564,煙灰...等等)你母親就一定會要求將椅套拿去送洗在洗的期間，可以跟母親說:沒椅套也蠻整體性
566,如果你是自己帶寶寶就會覺得有信心處理好，在你看來意想不到，但對於寶寶來說卻是非常自然的生理情況。
568,賓館反饋2007年12月28日：首先非常感謝您選擇東方大酒店，也非常感謝您給我們提出了寶貴的意見，酒店近期樓頂正在加層建造西餐廳
570,夜間行走和小孩子玩耍更危險！
572,真是可笑，入住該酒店結帳時要多付一袋開心果的費用，他們點不清自己的物品數量，出了差錯，埋單的竟是消費者.
574,如果要我給該酒店評分，我給它0分，他們的服務給客戶的好感全被結帳時愚蠢的舉動所抹殺.
576,優點:酒店位置挺好，服務生態度很好，早餐很好缺點:房間居然不能上網，酒店工程師說是swtich壞掉了，從下午到晚上11點都沒有修好，失望。
578,不錯，周圍很熱鬧
580,最滿意的是酒店提供的免費升標。
582,要說不足之處，一個是前面有網友提到的隔音效果不太好。
584,賓館反饋2008年6月23日：您好，再次看到您的點評很開心，感謝您再次選擇國賓大酒店入住.
586,希望下次入住時您能感受到我們的改進!我們期待您的再次光臨!祝心情舒暢
588,賓館反饋2008年1月16日：感謝您對大連銀帆賓館的滿意和支持！
590,銀帆賓館歡迎您！
592,第五，酒店主要面向團隊，不喜歡商務客人。第六，房間隔音極差
594,行政院長陳沖昨天表示，軟體產業很適合東方人，可將東方的歷史文化融入軟體設計，可以比照優秀體育選手服替代役方式來研擬。
596,這次電玩遊戲英雄聯盟世界錦標賽，代表臺灣出賽的臺北暗殺星TPA)勇奪冠軍，也終於吸引到政府對電競的一些關愛眼神，像是替代役方案、獎助學金、升學等，至少對於電競或者電玩遊戲，也多了一些正面的聲音。
598,感到特別安全。
600,美中不足之處是早餐一般，有時客人沒有吃完，早餐部的服務人員就自己坐下來吃了，需要改進。
602,優點：地處繁華，服務員很友好。
604,對您此次入住的不愉快酒店深表歉意，若您對客房清理的時間有一定的要求，請撥打房間內座機上的一鍵通，前臺會通知管家部及時給您的房間進行打掃。
606,房間偏小，軟件應該能達到三星級的水準，硬件稍差。
608,地毯有點髒。
610,房間很乾淨的，住的朝南的房間，太陽照進來很舒服，現在可以上網了，網速也不錯的說。
612,缺點麼，就是隔音不是很好。
614,我住的是標間，可能其它房間會好一點。
616,當然好的地方也是有的，自助餐還不錯，內容比較豐富，味道也不錯，特別是那個什麼蝦。
618,房間：大小一般，被褥比較乾淨，離馬路有點遠，晚上比較安靜。
620,含雙早，種類比較豐富。
622,房間有點舊了，但還算整潔，水有點黃，建議多帶點瓶裝水飲用，環境不錯。
624,小寶寶們準備了塑料的餐具，很周到。
626,以本人愚見，這個飯店實在是沒什麼值得稱道的地方，甚至想找一處放置手提電腦的地方都很困難！
628,象其他評友講的，亂七八糟的電話接連不斷，讓你不得安生，可怕！
630,不過房間還是很溫暖，溫度很高，建議開點窗戶睡覺，以防被熱醒。
632,瀑布寒……從來沒見過這麼方便的，要是小偷，哈哈，肯定笑死了。
634,兩個人住標準間，只給一張房卡，還很挑釁的看我。
636,環境非常非常好，庭院式小棟別墅，雖然說酒店年限很久了，據說92年就有了，房間略小，但是服務、環境都絕佳，強烈推薦，絕對安靜。
638,總體不錯的酒店，樓宇結構有點怪。
640,早餐尚好，勉強過關，比三亞喜來登差了n倍，當然，價格差沒差那麼多。
642,很舒服，很寬敞，免費3小時國內長途，電腦免費上網，而且遊戲齊全，速度很快。
644,第一天住的房間隔壁人說話好象就在房間中，換房後在走廊上的說話聽的非常清楚.
646,有那麼多朋友點評鑽石公寓，不妨再講兩句。
648,但這次7月上旬的入住新推出的特價雙人房，朋友反映房間比以前小多了，總體比以前的的套房差多了。
650,還有就是周圍沒什麼商場，晚上吃完飯想下去走走，周圍全是賣菸酒的，難怪鄭州空氣那麼差……其餘都很好。
652,此酒店簡直就是糟糕！
654,不如住火車站對面的如家快捷商務酒店，上網還免費！
656,滿意，在煙臺住過幾家酒店，這裏的服務最好提前聯繫酒店希望他們能到機場接我，總檯小姐一口答應，我晚上8點多到煙臺，車已經等?
658,他們有免費機場接送服務，第一次聽說這種服務，不錯，好像打車要40多塊呀注意到酒店設有機場售票處，3分鐘搞定機票，方便！
660,房間的隔音很差，我隔壁入住了幾個人，開始唱歌，後來打牌，我聽得很清楚。
662,超級可怕的旅館，進門後根本不是45平方米的大房間
664,連梳頭的時候都從頭上梳出一隻小蟑螂，太可怕了.
666,趕緊走人換到了陽光酒店.
668,門外好象正在裝修，有點雜亂.
670,感謝您對大連銀帆賓館的中肯評價！
672,聯繫攜程工作人員時他們還說酒店已派人來接只是搞錯了我的手機號碼，笑話哪家酒店接機是不用舉牌而是用手機聯繫的？而且之前幾次入住該酒店都是舉牌接機的，工作失誤不可怕只是攜程和酒店的人員一起來欺騙客戶把客戶當傻瓜實在是缺乏最基本的職業道德。
674,房間寬敞舒服，硬件設施不錯。
676,房間地毯非常髒；窗戶隔音非常差，外面就是馬路，只要有車就很吵；衛生間掛毛巾的地方都沒有，除非臺板下面；沒有免費的飲用水；總檯的服務很差，好像是你欠她的。
678,酒店背山面湖，地理位置優越，經營面積在當地算大，鬧中有靜，天然優勢比較明顯，看得出以往曾經有過一段輝煌的歷史，但不知什麼原因現在反而不捨得投入去做日常的維護和保養，各項設施比較破敗，服務人員也少，服務質素一般，房費偏高，但就其地理位置的優越性而言，好象可替代的酒店不多，鑑於其地段和自然環境的優越性，所以下次去還是會選擇入住。
680,可能這位小姐心情不是很好對我即是嘆氣又不耐煩，可是在與老外交談時態度可以同5星飯店比較一下了。
682,請大家還是遠離的好！
684,住豪華標間，寬敞，重裝修較新
686,打電話預定，沒看到以前住過的朋友的評價才住進來的，入住的時候已經10點多了，結果還等了20分鐘才辦好checkin，勉強住了一天，第二天一早就退房了。
688,事後酒店方面承認防盜壓力很大，而且屢有客人失竊。
690,看到網友評價說最好不要3樓和5樓的房間，但是不幸還是被指定?
692,酒店最大的好處就是離DFS超級近，大包小包可以放回房間後繼續去其他地方逛。
694,補充點評2007年10月14日：五層是夜總會，騷擾電話就沒停過
696,這個賓館的服務員都說自己的餐廳做的當地小吃好吃，實在不敢苟同，份量少，味道也不地道，價格卻不低，建議重視當地美食的朋友不要在賓館的餐廳就餐，會對山西的小吃產生錯誤印象的。
698,入住登記的時候就一臉很不爽的樣子，隨時要跟我們吵架，句句都是在抱怨和指責，白眼一個接一個。
700,Yahoo!奇摩新聞中心報導英雄聯盟世界大賽，由臺北暗殺星奪冠（圖／中央社）電玩「英雄聯盟」第二季世界大賽冠軍戰，由6位臺灣選手MiSTakE、Bebe、NexAbc、Colalin、Lilballz、Stanley與1位香港選手Toyz組成的「臺北暗殺星」（TaipeiAssassins，TPA），以3比1擊敗南韓隊伍（AzubuFrost，AZF），抱走百萬美元獎金（約新臺幣3000萬元），在全球上千萬名觀?
702,更有不少人表示「贏韓國就是爽」，指韓國人不作弊就輸了（編按：AZF日前有選手在比賽中觀看大螢幕，藉以知道對手位置）。
704,TPA的好表現，也讓更多人知道了「電競」，網友柯政廷就指，看世界級的電競，就跟看奧運的心情是一樣的，那些選手都是在?
706,潘毅鋒也指，各國接下來都會來沾光，韓國會說「TPA是我們培養出來的菁英」、香港人表示，「TOYZ你真是優秀的香港人」、中國人：「謝謝TPA讓中華臺北在世界上嶄露頭角。
708,他們的服務態度不錯，這點值得表揚.
710,感謝您對金城大酒店的支持！
712,酒店設施沒有其他城市的喜來登出色。
714,最近本酒店新上任的新加坡籍行政主廚，正在根據客人的反饋對菜餚進行改進，同時近期也有不少新的餐飲促銷推廣活動，相信下一次的體驗肯定不會讓您失望。
716,地段好，設施全，服務一流，希望以後還能入住此酒店！
718,您的入住滿意就是對我們接待服務工作最好的肯定與激勵！
720,同時酒店現階段推出了優惠房價及相應的增值服務，具體您可查詢網站內容，真誠期待您的再次光臨！
722,很令人無奈的一間酒店，無論哪個方面，尤其是員工的個人素質，特別是應變能力.
724,也許他們似乎有足夠的理由.
726,四星級，整體感覺是最有品質的，訂房臺給的是轉角的2715房，非常舒服
728,晚上有小姐騷擾電話。
730,硬件不錯，相對於223的房價，絕對性價比一流；但是軟服務還有待改善，特別是有非正常情況發生時要多從客人角度考慮賓館反饋2008年7月25日：首先，感謝您的寶貴意見
732,黃浦江的房間風景很不錯，唯一洗澡的水溫還是忽冷忽熱，請再檢查一下，這個問題比較嚴重的，特別是小孩洗澡的時候.
734,總的來說：失望！
736,墊中間是凹下去的，沒辦法躺的舒服，又不敢再叫換房了，不知再會出現什麼問題。
738,前臺的服務意識還是不錯，下次要好好享受一下酒店的服務。
740,你們網站只維護酒店的利益就不管客戶的感受嗎?
742,賓館反饋2008年5月20日：您在入住酒店期間有不愉快的經歷，我們非常抱歉。
744,投訴後，沒有任何的解決方案，說空氣清新用完了，居然讓我開窗通通空氣，讓人哭笑不得！
746,房價也嚴重的性價比不值。
748,酒店的泳池還不如比它小的酒店漂亮。
750,與之前的評價不符，a距離春圓海鮮廣場沒那麼近．b樓下的金鳳凰廣場也沒有想的那麼好．總之：下回不會在選擇了，還不如花少錢住三亞灣的小型度假村或花同樣的錢住環境好的亞龍灣
752,唯一不足的是門口修路，不過聽說五一就可以修好。
754,該有的都有了，無可挑剔。
756,感謝您對我酒店的關注與支持，期待您的再次光臨。
758,酒店剛剛裝修好，有點氣味，我能忍受，同事不行。
760,沒好就不要讓客人住嘛，強烈鄙視這一點。
762,我朋友很生氣，說酒店服務員數數都數不清嗎？發生這樣的事，讓客人感覺到很不愉快，同時耽誤了客人結帳的時間。
764,我就納悶了：我怎麼就這麼倒黴啊？每次預定北方都會有麻煩，我想這不是偶然吧，北方的前臺服務真的有待提高。
766,房間較大，住的滿舒服的。
768,入住客人少，因此未發生與他們的衝突，此於他們說要接待一個團，
770,唯一的遺憾是酒店的空調只出風不製冷.
772,太讓人失望了！
774,賓館反饋2008年8月7日：呵呵，真誠感謝您的再次再次點評，我們相信在您的關注下我們會努力越來越好！
776,覺得服務員有點冷淡。
778,裝修上檔次，但價錢不貴，出品好，值得推薦。
780,還算舒服，早餐口味也不錯。
782,攜程推薦此賓館是不注重會員的基本利益。
784,本人已在該酒店經歷了多次可怕的預訂過程，攜程的協調能力始終使客人深感失望，希望攜程在賺錢的同時真正?
786,賓館在小街道上，不大好找，但還好北京熱心同胞很多~賓館設施跟介紹的差不多，房間很小，確實挺小，但加上低價位因素，還是無超所值的；環境不錯，就在小衚衕內，安靜整潔，暖氣好足-_-。
788,推薦給節約消費的自助遊朋友~比較划算，附近特色小吃很多~
790,酒店環境不好，氣氛也不好，我和老婆剛剛住進去就有小姐打電話來問要不要特殊服務，真是恐怖，老婆說啥也不住在那邊了，最後，我勉強說服老婆住了一晚上，但是到了後來，更是恐怖，居然沒有開水供應，然後，還要自己燒水，但是燒水壺居然已經長了毛，後來有個服務員勉強給換了一個，但是還是這樣，我當時不知道該說什麼好，最後我們買的礦泉水，勉強對付了
792,店的公路旁，交通極其不便；其次一進入酒店就一股黴味，地毯上到處都是污漬，很像地圖.
794,我正好趕上颱風沒有辦法只能在那住要不我不敢保證還會住那裏.
796,缺點：房間比較老舊，電梯果然如網友評價非常慢，所謂2003新裝修實際只是大掃除一下。
798,3、太吵，最要命的缺點，一個賓館主要的功能時能提供相對安靜的環境，可是住在這裏實在吵得要命，聯繫前臺提出置之不理。
800,但房間裏的淋浴設施不好，淋浴門關不緊，水龍頭出水很小，洗澡很不舒服。
802,我去CHECKIN和CHECKOUT的時候，感覺很不舒服。
804,酒店的服務人員服務態度也不怎麼好，給的房卡也搞錯開不了門，還要我親自把卡送到樓上大廳去換。
806,服務員態度很惡劣。
808,千萬小心使用。
810,比起其它省市的如家差得太遠了，很失望。
812,服務員素質很高292
814,這次正好趕上國際柔道比賽的代表團入住，酒店對普通住客的服務有所下降。
816,補充點評2007年11月15日：攜程定的酒店房間價格比較貴，我到北京後朋友說他定的價格比我便宜100元，而且還含早餐。
818,急趕飛機，申辯無效後就氣憤的付錢走了這樣的服務態度，真讓人失望下次我應該不會再選擇它了
820,賓館反饋2008年7月10日：感謝您入住世紀大飯店和給我們提出的寶貴改進意見。
822,優點很多就不說了.
824,我相信我的同事她連睡衣放在什麼位置都不知道.
826,酒店太偏已在郊外，出來打車不太方便，住宿客人太少，感覺上冷冷清清的，可是預定的時候還需要提供信用卡擔保，說是房間緊張，其實可能是怕客人跑掉吧。
828,早餐比較豐富。
830,賓館反饋2008年7月31日：感謝您對國賓大酒店的認可。
832,祝生活愉快，一切順利！
834,希望該酒店應對早餐供應有所改善.
836,5號樓在最裏面，應該是房間最好的。
838,不足之處是沒有健身房。
840,我是第三次入住了，但是給這家賓館留言還是第一次，這次入住我的一位朋友喝醉了，走到大廳我朋友就"現場直播"了~~~~~呵呵
842,最可怕的是沖澡3分鐘後淋浴龍頭停水，2分鐘以後浴缸龍頭也完全停水.
844,酒店得早餐比較差，餐廳小，吃飯得人多，吃的東西也很少。
846,“美林閣”餐廳在上海挺有名氣，特地去品嚐了一下，的確不錯，憑房卡還可以打8.8折。
848,下次還會入住這家酒店，有興趣的朋友不妨也去試試。
850,房間裏黴味，煙味撲鼻，沒有窗戶通風，骯髒的地毯上的斑斑點點的污蹟，令人觸目驚心。
852,還算有優點，就是服務員的態度不錯。
854,吃得我們撐死~哈哈地理位置也比較好，就在繁華的文昌路上，但感覺他們那的電梯怎麼坐?
856,很不錯的一家酒店，在當地來說是最好的了.
858,優點不用說了，誰讓咱是窮人價格是很吸引人的因素。
860,一氣之下我把它給拆了，應該是裝配問題，風扇運轉很安靜，是其他地方和它發生了共振或摩擦，從新裝了一遍現在好了。
862,前臺服務太慢，前臺男生的態度極差，極差；電梯本來只有兩部，卻始終都有一個在維修，上下電梯，每層都停留，有時甚至等兩次才坐得上；房間衛生不好，地面好像不做清潔，衛生間不乾淨，毛巾好像抹布一樣，還有怪味；水杯都是塑料的；打電話要吹風機和插座，竟然讓客人自己去前臺拿；淋浴噴頭漏水嚴重，打電話告知前臺，竟然派保安充當維修工上來房間察看。
864,酒店的接待人員還是很熱情，就是餐廳的餐太難吃，服務很好，知道我們要一早去酒泉，餐廳還在沒開餐前給我們打了包，很感謝！
866,房間非常糟糕，零亂不堪，瀰漫一陣腐黴氣味，傢俱極其陳舊，地毯髒臭，冷熱水不能調，龍頭漏水，燈罩不翼而飛，不可想象居然還掛?
868,總體來講，對登封的印象比較差，基本上是髒亂差的典型！
870,總之比較陰暗老舊的酒店，條件很一般。
872,我司尊貴客戶預訂，週末入住行政樓層，28樓行政樓層落地窗戶，朝南房間視野很好，可以俯瞰延安西路高架，由於是頂層，高架的隔音也很好！
874,另外，還有一點就是隔音不是很好，我們入住的客戶有嚴重失眠，常被門外的腳步聲和喧譁聲驚醒！
876,一如既往的支持，不錯的酒店，服務上再上去一點就好了。
878,性價比高，服務也足夠周到仔細，反應也很快。
880,對了，只是離車站不是很近，邊上那家超市，食品懷疑過期麵包)，離恐龍園也遠，但是門口就有公交站臺，還算交通方便。
882,房間很舒服，我個人非常滿意，辦公檯適合我個人的使用習慣且網速好。
884,近期的商務間升級推廣活動受到了很多客人的一致好評，這是對新房間的認可，也是對我們房間進一步優化的良好幫助資源！
886,接口充足，3個USB，1個讀卡器，外加LAN和顯示器接口，滿足基本的外設需求。
888,同事裝的另一大牌本本好多了，bios基本等於廢物，無隨機驅動，網站上只有Vista驅動，跟客服聯繫多時才搞到驅動，還特別自己集成了一張帶SATA驅動的XP安裝盤才裝上，費了很多精力。
890,到手後換了320G硬盤裝XP很順利
892,希望能給我一個明確的答覆，謝謝。
894,屏幕很靚，很好看，電池很耐用，可以維持六小時，基本滿足外出需求
896,wifi配合我的tp-link841n實現300m速度，很棒！
898,整機顯得做工很精緻，外觀也很漂亮。
900,另外散熱也很好，沒有傳說中的那麼差，看來需要親自體驗才知道。
902,1000HE的觸摸板用起來很舒服，華碩對人性化的追求是從沒停止過的，每一代的產品都令人驚喜。
904,另外購買了聯想的X61T（朋友在美國帶回來的，*^__^*)嘻嘻……），所以想賣了臺1000HE，黑色的，原盒原京東包裝都在，如果是東莞的來看機最好，機子全新，貼了酷奇納米銀的鍵盤膜，絕對全新，發票單據齊全，京東給我的一樣不少，有意思的聯繫QQ282369262我手機13431221132
906,總體感覺很好，建議不進行大型遊戲和影響編輯的購買。
908,是眼睛太累了，朋友給我見證了一下是晃的厲害這樣太傷眼睛了，其實去年剛出的時候我買了一臺用起來很好所以今年過生日男朋友作?
910,第一次在京東購物，上門提貨，看到貨後，總算不擔心品質問題。
912,幫朋友買的，1價錢便宜，2，樣子也挺漂亮，儘管是14寸的，但設計的樣子很精緻，挺輕薄的，不想以前的那樣看?
914,配置算高端了同時運行flash和photoshop和word沒有感到運行緩慢。
916,今天凌晨2點下的訂單，下午3點就收到了真是速度啊本來想先驗驗貨載載刷卡呵呵送貨員不讓但是可以理解回家打開一看都說分區表態現在果然是見識了給客服打了2個電話諮詢了一下備份和安裝驅動的問題客戶很好把郵件發到我郵箱裏了還有各種xp的驅動信息和注意事項不錯不錯
918,1、完美屏，無壞點；2、音響效果很棒；3、外觀漂亮，很有面子；4、散熱很好，再加上九州風神N15的散熱架，不錯；5、裝了XP，跑起來飛快；6、接口豐富，超乎想象，連少見的紅外接口都有；7、沒什麼可說的了，希望聯想能夠替國人爭氣，不要辜負大家的期望和支持
920,外觀漂亮，白色鍵盤搶眼，功能鍵設置合理;鍵盤材質好，觸感紮實;觸摸板做了凸點處理，手感也不錯，同時具備簡便的觸摸縮放功能
922,外觀不錯，很適合MM用。
924,3：完美屏，反應速度很快，機器整體功能還在測試。
926,京東響應速度很贊，第一天下午下單，第二天上午就通知到貨了，不錯；本本很好，就是在包裝的時候不太好，把表面的膜都弄皺了，好多灰塵；拿回貨之後是同事幫忙給做了些測試的，各項測試結果顯示本本很好，對於我這個不玩遊戲的人來說足夠使用了。
928,完美支持XP，不敢買HP和ACER就是怕不能裝XP，這臺終於沒讓我失望，BIOS裏ACHI選擇IDE就可以了，所有XP驅動在聯想網站輸入產品編號都能下載到，4999價格也比較合理，屏幕不錯，散熱一般，用一段時間，觸摸板就發熱了，外接鼠標如果需要禁用掉觸摸板，需要先裝個老版的，選擇“當存在USB定點裝置時禁用TOUCHPAD”，然後再裝新版的才行，直接裝新版，沒有這個選項！
930,磨砂屏，適於商務應用，長時間使用不易視疲勞，可自動調節屏幕亮度。
932,筆記本整體散熱極好。
934,外觀漂亮，系統不是很難弄，剛開始看了很多評價說難弄，實際上沒那麼困難，將boot選項第一選項選從DVD起動，其它就直接安裝了。
936,採用聯想全新高觸感鍵盤，新鍵盤無論在佈局、鍵帽形狀、鍵程手感上全部進行了人性化更新，不僅滿足輸入速度快、輸入正確率，更能滿足用戶輸入舒適的需求。
938,裝個XP，結果好像是沒有安裝合適的驅動，所以打魔獸爭霸都卡的要命，打華碩售後服務，原來在官方就沒有針對XP的驅動，大部分都是VISTA下的驅動，因?
940,輕，薄，待機時間長，散熱好，外觀設計比較好看，鋁合金上面板還是很好看的，鍵盤手感也可以。
942,處理日常工作，上客戶處演示，連接高端服務器等，都非常夠用另：他被老闆發現還用新筆記本玩遊戲，老闆還認?
944,所有驅動都能裝齊全了，指紋識別，非要在XP下使用的朋友，可以用替代驅動.
946,保持了商務機穩定，4999搶的，這個價錢值，改裝XP有點麻煩，開始老是出錯，後來看了前面一位兄弟說的要在BIOS裏把sata改成IDE，改了後，果然可以，重分區後安裝順利，目前運行穩定。
948,散熱非常好
950,聲音不錯，儘管有點小，但是不象其他人說的那麼差，總體來說不錯.
952,6、裝XP後機器中的光盤都有驅動，好像不缺什麼驅動，裝XP時在客服的指導下很順利，就是IDE下裝的，不知道是否慢了。
954,到手的是完美屏，不過可視清晰)角度比較小，不知是不是筆記本屏幕的通病拿到手後按照說明書三放三充（說的是三充三放，但打開就是93%的電），放電的時候開?
956,淡紫色+白色的鋼琴烤漆很漂亮，鍵盤上部五個觸摸快捷鍵背景燈做的相當漂亮！
958,觸摸板手感非常好，與託手區過渡很好！
960,另外送的包質量很好哈，雖然薄了點，背起來還算舒服，功能口袋也多。
962,這款是集成顯卡，我覺得夠用了，當時還在v450a－tfo和這款中猶豫不決，看到有搶購就一個衝動買下來了，現在覺得此舉很明智，呵呵。
964,另外，本本全新未開封，完美屏，很開心～
966,跑起來還是不錯沒有衝突。
968,希望打掃衛生的時候更仔細完美一些。
970,外觀時尚292
972,1整體做工精細2白色的基本不會有手印的困擾，這是我選擇白色的主要原因3鍵盤的手感好；觸摸板的多點功能會有驚喜4電池續航能力確實很強，很滿意5cpu沒有想象的那麼差，日常文案工作和上網絕對夠用。
974,ubuntu系統應該更好，待嘗試
976,IC3上週發表此一情報，指出Android設備面臨種類繁雜、諸多形式的惡意信件攻擊問題。
978,在下載應用程式時，應仔細閱覽並完全瞭解你所作出的許可聲明。
980,選用可靠的防毒軟體，找尋專門防病毒信件或文件整合的應用程式，強化對抗惡意應用程式和信件的能力。
982,本身即代表消除了製造商或系統商對於設備的某些限制，讓用戶幾乎不受管制的安裝程式和決定使用設備方法。
984,網路，這些網路點可能是惡意連結，攔截用戶設備和合法伺服器兼的訊息傳遞。
986,智慧手機需要更新，才能對應執行應用程式和硬體，若用戶忽略這一點，將增加設備遭駭客入侵的風險。
988,外觀比較漂亮，屏幕很靚，呵呵，去自提的，全新機，完美屏，硬盤通電時間43個小時，可視角度色彩都還不錯，另外這個配置這個價格性價比算高的了，把省下的錢準備升級下內存和硬盤，呵呵值得購買。
990,一般盜版盤放進去壓根不能直接安裝每次選擇安裝都是報錯，只能下載支持南橋的版本裝，可是本人比較喜歡WINPE所以還是用我的pe來裝但是進入居然認不到C盤超級鬱悶，後來發現這個要另外一個集成版的pe才能顯示出c盤馬上下載安
992,1、本商品最值得一提的就是性價比，hp的品牌，P8600的CPU，這就已經足夠了。
994,回去開了CS，開滿32個電腦不卡，顯卡還不錯，還有上面的那個聲音的觸摸很靈敏，摸一下就有反映了。
996,最開心的是朋友幫忙裝了ＷＩＮＤＯＷＳ７，界面很漂亮！
998,網購有風險，下手應謹慎，確實比賣場便宜些，套用客服對我說的話：先生，通俗的講您運氣太差了。
1000,26號下的單，由於等Rapoo的鼠標，拖到30號才送到，不過意外的是當天有降價，價保還便宜了44元，算是額外的收穫.
1002,分辨率可以自己設定新的，方便遊戲。
1004,屏幕是完美屏，但色彩稍差。
1006,鍵盤的鍵程還可以，但方向鍵是縮小的，打fifa類的遊戲會很不爽。
1008,如果打遊戲估計還是會比較熱).
1010,玩WoW的設置多調試幾次，可以開到不錯的水準並保持流暢（全屏1366x768哦）。
1012,路由器和一個像機，那位朋友有捲送我一張啊.
1014,外觀做工，外觀我很喜歡，或者說我就是喜歡thinkpad的外觀，做工紮實。
1016,顯卡，內存都不錯~散熱好，除了風口外都不熱，玩遊戲效果不錯~vista有很多xp比不了的優點，完全沒必要死抱?
1018,白色的，很漂亮，做工還可以；2.
1020,IBM的本本我用的最多，也是感覺最好的本本。
1022,優點多多，不一一贅述，主要是速度，製作工藝，堅固性和品牌偏好度。
1024,關於字小的問題，正好可以限制自己的上網時間，也算優點，哈哈。
1026,優點：這個筆記本性能好的，適合女生用，而且是粉色！
1028,很不錯的機器，做工驚喜，外觀漂亮，包括燈光系統設計都很人性化，機器配置均衡，總體來說配置算不錯的了，運行Vista比我想像的要流暢，以前一直用XP，從來沒用過Vista，原本打算不行就換要XP了，但是使用後發覺Vista用起來也挺順手，該機雙通道2GDDR1066的內存完全可以保證Vista流暢運行，也就不打算折騰換XP了！
1030,裝顯卡，裝完顯卡，電腦就沒聲音了，今天重裝系統四次，搞得鬱悶死了，，，第三次才發現顯卡驅動和聲卡驅動衝突，然後在官網下了前一個顯卡驅動，終於搞定了，沒有衝突
1032,幫馬競選的人或是當馬的朋友，很多沒有撈到油水或官位，當馬的敵人，除了老王以外，基本上都毫髮無傷，吃香喝辣，像是常常臭幹馬狗的蕾神跟蔡正元，當馬的敵人，基本上，馬不會對付你，還會傻傻保持中立，所以一堆反馬立委跟連勝文都能順利當選；當馬的敵人真的比當馬的朋友好，難怪法院一直打馬臉，政壇上挺馬的也越來越少
1034,原裝鼠標相當好，就是小了點。
1036,聯想這款黑色L3000是最漂亮的，散熱不錯，鍵盤手感很好，插口位置合理。
1038,小巧便攜是我選擇的最大因素，其次品牌機還是令人比較放心的，一邊拆包裝一邊就能感受到。
1040,顯示屏沒有壞點、沒有亮點，在京東買的2檯筆記本都是完美屏幕哦.
1042,光驅：讀盤能力強，用來放D版碟都沒問題.
1044,使用房間電腦會收使用費，不過上網是免費的，速度也很快。
1046,地理位置極好，去會展中心很方便，不必太擔心堵車。
1048,端莊耐看，不會過時，配置足夠，物超所值。
1050,國貨好幾年了，但是黑迷們始終認定人家是IBM的東西這一點倒是可以確定，技術上，無論硬件軟件
1052,送貨慢，19號訂單，20號打款，28號到貨。
1054,電池不是原裝，我懷疑是水貨
1056,回家仔細使用後發現鍵盤手感果然如大家所說非常出色。
1058,首先，從外形上看，這款筆記本採用鋼琴烤漆，顯得格外時尚漂亮；創新的鍵盤設計頗感人性化，手感也尚佳。
1060,最後，這是一款商務本，穩定性強於家用本是不容質疑的；難能可貴的是，散熱性極佳，我非常滿意！
1062,真心希望聯想集團把一些代理了，售後等要嚴格把關控制好別在影響聲譽，否則消費者傾向於其他品牌了！
1064,服務好，前臺接待員挺熱情。
1066,太短，打了服務電話不到兩分鐘一位帥哥拿了一條超長的。
1068,昨天京東總部自提的，額滴神啊，很滿意。
1070,全新的正品行貨，送貨的人員也很專業。
1072,靜音，音箱效果還行，512M的獨顯
1074,開箱即發現USB口一個是壞的，觸摸板左鍵也是壞的，惠普的質量控制體系可以用垃圾來形容。
1076,優秀的外觀，輕薄的分量，完美的性能。
1078,聲卡驅動最好在官網下載安裝，否則有可能不能錄音！
1080,散熱我相當滿意，也很安靜。
1082,以前本本就是三星垃圾屏。
1084,幫朋友買的，她猶豫了七八天，終於在18日下定決心，3299，用了張2000-100的券
1086,屏幕15.4的，寬屏16：10看電影不錯內存一個G鍵盤我就不說了，IBM的鍵盤是世界公認手感和質量最好的硬盤250G，我一般是下載的480p的mkv格式的電影，一部電影也就1.5GB左右，哈哈，這個硬盤裝了一百多部電影是綽綽有餘的CUP是雙核的1.6G主頻，雖然是比較低端的賽揚系列，但是只要不是運算大型的專業軟件什麼的，同酷睿、奔騰的差距是基本區分不出來的
1088,清潔隊員轉調內勤人員不該領取每月六千元的清潔獎金，當年曾請示當時擔任北市市長的陳水扁八十八年是否仍繼續核發獎金，當時市長以特案籤準轉調內勤人員依舊可領取獎金，後因爭議未決，自八十九年七月一日開始就停發獎金至今。
1090,十八人沒有請領獎金的法律理由，屬不當得利，提民事訴訟追討。
1092,法官因此認定獎金已是勞動契約的一部分，內勤清潔員支領這筆錢並未違反法令，不算不當得利，判決環保局敗訴。
1094,治平對象，桃園警方昨查獲魏懷良等23人，依組織犯罪條例送辦。
1096,今年5月，太極堂副堂主唐國中幫女性友人出頭，找出女方的宋姓前男友，恐嚇「你玩弄女人的感情，明天開始我就要抓你，叫小弟把你滅掉！
1098,桃園地檢署檢察官李家豪昨指揮縣刑大、龜山警分局等單位近百警力，查獲魏懷良等23人到案，起出2把槍等，依組織犯罪、殺人、妨害自由等罪嫌送辦。
1100,而造成永難彌補的遺憾，竟是闖紅燈的民間救護車。
1102,李安在奧斯卡獎頒獎前一壯聲色。
1104,麥可漢內克（MichaelHaneke）執導的「愛慕」是最大贏家，贏得最佳影片、最佳女主角與最佳編劇，並且入選了10大影片。
1106,入圍倫敦影評人協會年度最佳導演的除了李安與麥可漢內克外，還有「00:30凌晨密令」的凱薩琳畢格羅、「世紀教主」的保羅湯瑪斯安德森以及「安那託利亞故事」的努瑞貝其錫蘭（NuriBilgeCeylan）。
1108,22歲曾姓男子不滿女友提出分手要求，深夜跑到女友家要求複合遭拒，激烈爭吵驚動鄰居，向警方報案；不料曾某不但和警方發生推擠，甚至用手電筒敲打員警的頭，吃上妨害公務官司。
1110,鄰居擔心情緒激動的曾某會有失控舉動，趕緊報警。
1112,員警頭部有些許挫傷，將曾某依妨害公務逮捕移送。
1114,常在臉書上發佈美照的網友小魚說，希望大家不只能注意到自己的照片，也能注意到文章。
1116,小琳則覺得贊數愈來愈多時，表示圖與文都有人欣賞，「有被關心的感覺」，虛擬世界裏看不到對方，不在乎對方的動機，就算有不良動機，有網路當防火牆，大可不必理會。
1118,沒有得到救援，「我感到非常內疚」，也希望所有消防同仁都要感到內疚，「這種事情不容釵A發生」，一定要拿出決心與魄力，不是光消防局的事，巷弄的改善，「地方政府責無旁貸」，消防通道要維持其權威性，誰敢停車馬上拖吊。
1120,航空公司不僅僅是賣機票而已，而是要讓旅客感動並留下一段美好的回憶。
1122,立榮航空總經理陳憲弘表示:「立榮航空能五度獲獎，要特別感謝蘇前董事長宏義及全體同仁多年來的努力，更要感謝長榮航空導入國際級的管理體制及優質服務，大幅提升了立榮航空服務品質。
1124,長榮航空自成立以來一直保持零失事件數及罹難人數之優良飛安紀錄，但因飛航時間僅二十一年，與其他航空公司以些微的差距名列第六。
1126,飛航安全是一項只有起點沒有終點，且必須徹底執行的工作。
1128,從二○○五年至今，長榮航空已連續四次以「零缺點」的佳績，通過每二年一次的「國際航空運輸協會」作業安全查覈認證（IOSA）。
1130,長榮航空在二○一二年間，共獲得國內外各機構頒發十四個獎項，二○一三年初始，再獲得民航局頒發金翔獎及德國AEROInternational全球最安全十大航空公司的第六名，這些殊榮是廣大旅客對團隊努力成果的肯定。
1132,具中國籍人士能獲發我國護照的唯一可能性，是先在海外取得永久居留權，再向我國駐外館處申請中華民國護照；但外交部接獲申請後，仍會進行通盤考量，只有認定核發護照對國家有利，纔會同意放行。
1134,北韓核試後，環球時報總編輯胡錫進發表微博稱：朝鮮走在錯誤的路上。
1136,中國對北韓的政策，儘管兩國關係目前處於低點，但是中共長期以來堅持的朝鮮半島「三不」政策，也就是不要有戰爭、核武與動盪，仍會是最高指導原則。
1138,紐約時報分析指出，北韓此次核試對習近平構成重大外交挑戰，特別是習曾強調他希望美中能建立「新型大國關係」。
1140,此次阿國人質事件主謀貝爾莫塔就以走私和綁架賺進數百萬美元，得以策劃天然氣田攻擊案。
1142,這項限制在二○一一年利比亞爆發反政府革命後改變了，利比亞獨裁者格達費的垮臺，讓他用售油所得買入的大批武器落入各方勢力手中，這些武器開始從利比亞邊界涌入。
1144,法等國憂AQIM攻擊歐洲法國和西方盟國擔憂AQIM會將恐怖主義轉移到歐洲。
1146,下一波的攻擊目標可能是鄰近的茅利塔尼亞、摩洛哥、利比亞或西非國家經濟共同體（ECOWAS）的會員國。
1148,阿爾及利亞的軍力沒問題，但不積極與美國或其他國家配合。
1150,另外，從美國駐利比亞使館遇襲案的調查結果看來，開打在北非國家的分支與其他武裝組織呈現出來的是另一個新面貌的恐怖主義，不見得受到巴基斯坦的開打組織高層控制，但卻極端反美。
1152,中國天主教愛國會的主教指派只聽從北京，這些任命案也遭到梵蒂岡抗議與否認。
1154,教廷頻頻接獲回報，指中國對國內天主教會與機構不但嚴加管控，甚至針對地下教徒下手，強迫參加「思想改造學習班」。
1156,本篤十六世去年底最後一次用六十五種語言祝賀耶誕時，又再度公開呼籲中國新領導人尊重宗教自由，可見梵蒂岡對此問題的重視。
1158,相較於若望保祿二世，本篤十六世對中國的態度更強硬，這可能源自於他個人經歷所產生的反共意識，而現有的一百二十位樞機主教中，更有多達六十七人是本篤十六世親自提名，未來教廷與中國的關係仍可能依循本篤十六世的作法，但中國如果持續打壓，唯黨是主而排除宗教自由，無論是誰出任新教宗，恐怕都很難緩和雙方關係。
1160,老翁家人說，還好後來送醫治療後已無礙，「幸好只是骨折，不是心臟疾病，否則後果不堪設想」。
1162,新北市消防局緊急救護科說，救護車出勤若遭遇攻擊，攻擊者涉嫌妨害公務，如果救護員受傷與車輛受損，還構成傷害、毀損罪嫌。
1164,中國時報【盧金足╱臺中報導】景氣差，經濟壓力大，單親家庭不能說的秘密不是父母離婚，而是經濟話題！
1166,家庭不可碰觸的禁忌，憂心家庭經濟比率佔四九％，纔是親子間不可說的秘密。
1168,錢、債務煩惱、煩惱單親父母因照顧家而累壞了，經濟壓力對單親子女造成不少的陰影。
1170,（中央社記者許秩維臺北21日電）根據兒盟調查，7成2弱勢童教育資源不足，2成5甚至寫不完26個英文字母，這些孩子的學習資源、能力相對貧窮，令人憂心。
1172,調查也發現，9成4偏鄉弱勢童不曾接觸英文雜誌，甚至有2成5偏鄉弱勢童寫不完26個英文字母；相較近半數優勢學童平均一週補習兩科以上，6成8偏鄉弱勢童完全沒有補習，因此7成偏鄉弱勢童擔心升國中後課業跟不上，甚至有2成4弱勢童不想再升學。
1174,項圈原本都是主人賦予貓狗的信物；原本承諾要照顧牠一輩子，而今卻送到收容所，12天之後若無人領養只能安樂死，最後留下一條破舊不堪的項圈。
1176,中國時報【陳界良╱臺中報導】朱姓男子因不滿就讀國中的女友有意分手，去年三月間躲藏在女友家，先以菜刀砍死女友的十二歲小弟，後又持刀砍殺大弟，再挾持女友到頂樓企圖同歸於盡，震驚社會。
1178,朱男到廚房拿兩把菜刀，躲到二樓儲藏室，下午四點多，女友的十二歲小弟先回到家，朱男先用童軍繩勒他脖子，再持菜刀從頸部砍入，拖到浴室門口，讓他流血過多死亡。
1180,朱男坦承殺害女友小弟，挾持女友本可行兇，但在警察到場後丟棄兇刀，顯見猶念舊情、良心未泯，且並非預謀殺人，是一時激憤，尚未達到非執行死刑不足以實現正義的餘地，審結後駁回上訴。
1182,媳婦受不了苦日子，留下7歲孫子及5歲孫女，離家出走找不到人，陳翁因罹患糖尿病，做木工有職業病，年邁身體不好，又關節退化，無法彎腰，沒辦法工作。
1184,高市青山行善團張團長透過里長訪視，發現個案急需援助，網路號召網友幫忙，邀集紫霄帝闕玄天上帝廟合力捐款，發放白米、罐頭等物資。
1186,陳翁表示，每當夜深人靜，見2個孫子入睡，不禁潸然淚下，但「怨嘆沒有用，還是要堅強，不然孫子怎麼辦？」他說，每天光想要吃飽、睡好都很困難，只能不斷自我催眠「要堅強」，把孫子當成精神寄託，好好扶養2人長大成人。
1188,他感謝大家幫忙，不吝伸出援手，幫他加油打氣，讓他有活下去的力量，勸人毒品千萬碰不得，纔不會害人害己，他就是活生生的例子。
1190,設在美國的對華援助協會發佈消息說，陳光誠美東時間11月30日夜間致電對華援助協會會長傅希秋牧師，對陳克貴遭判刑，表達極大的憤怒與譴責。
1192,對華援助協會也對這一判決結果表示震驚和憤慨。
1194,培養航空棒球隊的付出，縣府會儘速確定接任人選，讓球隊持續運作。
1196,渴求朋友的關懷，坊間業者甚至推出「朋友出租」服務，很多年輕人藉由租賃朋友的管道，學習如何交友。
1198,翔太變得害怕上學，一想到到校就手腳發抖、腹部疼痛。
1200,化名「浩一」的25歲青年，花了3萬圓（約9900臺幣）向東京一家便利屋租了兩位女性朋友。
1202,關西福祉科學大學從3年前開始，每年提早在開學前舉辦新生聯誼會，協助準新鮮人先找到「學友」，安心享受大學生活。
1204,有人則說臺灣失去了一股正義力量，請各位網友默哀三分鐘。
1206,網友諷刺，直接讓壹電視上架就好，年代新聞可以轉作網路新聞。
1208,送禮禮物或新年紅包，把歡樂的氣氛與好運氣與親朋好友一同分享！
1210,孩子一生的自我意象和思維定式，是樂觀、自信、富有想想和氣概，還是消極、自卑或得過且過、自暴自棄。
1212,（中央社記者黃名璽臺北9日電）總統馬英九今天發表除夕談話，除許下3個願望，也要大家放心，新的1年裏，「我們的經濟、我們的生活，一定會更好。
1214,馬總統表示，新的1年，他心中有3個願望，希望經由他和全民共同努力，打拚出臺灣新氣象。
1216,臺灣有最勤奮的人民，人民有最善良的心，相信只要大家互相扶持、互相鼓勵、互相包容，沒有衝不破的難關。
1218,他希望，在這1年中最特別的時刻，每一個家庭，都有溫暖的團聚；讓親人的愛和溫暖，帶來最深的祝福。
1220,臺灣電玩隊伍臺北暗殺星在世界電玩大賽中奪冠，政府不僅考慮替代役等優遇辦法，經濟部也說要協助企業取得世界市場，但立委翻出經濟部推動遊戲產業政策要點，經濟部連舉辦遊戲玩家大賽，首獎都規定不得超過10萬塊，立委批評政府心態落後，經濟部說會檢討。
1222,要點中寫明，鼓勵業者投入國際及動畫影片跟遊戲軟體創作的獎項，但國際級的創作，獎金卻訂出上限50萬，還有鼓勵業者自行開發具有商業價值及國際水準的數位內容產品，獎金也訂出30萬上限，連辦電玩大賽培植遊戲人才，首獎獎金也明訂不能超過10萬塊。
1224,但是壹電視發掘的少女團體「WeatherGirls」（氣象女孩）卻選擇在這個敏感時刻進軍日本，將在10月發行首張日文單曲，搶攻宅男市場。
1226,以外型來說，要對抗南韓團體應該不難，但是舞蹈和唱功有待加強。
1228,一口「臺灣腔日語」也一樣可愛，還開玩笑的說希望她們日文不要變得太標準。
1230,陳揆：沉迷電玩很傷眼陳揆表示，年輕時玩過打網球、足球的電玩，電玩當產業看，很適合東方人，把文化歷史融入軟體設計，對玩家可刺激末梢神經、瞬間狀況的反應，但呼籲不要太沉迷，「電玩對眼睛不是很友善的遊戲」。
1232,陳揆承諾，未來會有所檢討。
1234,一不小心，撞上了一位男子，這位男子便生氣的大罵：「是誰家的小孩，這麼沒禮貌…」但小豪依然我行我素，身旁的父母也視若無睹，這樣的場景，免不了讓人覺得無奈。
1236,人家常說：「有禮貌的孩子人人喜愛，守紀律的孩子不會變壞。
1238,孩子表現好本來就是理所當然，不需要特別讚賞，但孩子是需要適時被鼓勵的，父母會發現，當你適時地稱讚孩子，孩子的表現會更好！
1240,通風報信，打遍天下無敵手，就連賽前曾和國際隊伍有過練習，接連打敗韓國和俄羅斯超強隊伍，奇蹟一再發生，也被拿來質疑。
1242,電玩迷的唱衰、以及各方面都不如死對頭2K公司的NBA2K13而宣佈取消製作，正式退出籃球電玩市場。
1244,2012年夢幻十隊，讓電玩迷讚不絕口。
1246,我們的電玩迷做出的正確決定，希望明年你們看到我們的最新產品時能夠同意這個說法。
1248,中國時報【楊毅╱臺北報導】國營事業虧損連連，卻仍發放高額績效獎金，引發外界強烈批評。
1250,此外，朝野立委也達成共識，自明年度起，所有國營事業，包括油電糖水、公股銀行等，必須要有盈餘，才能發放績效獎金，但最高也不得超過一.二個月，若虧損則「一毛錢都不能發」。
1252,根據朝野協商的結論，油電糖水等四家國營事業一百年度經營績效獎金，發放不得超過一.二個月；自一○一年度開始，國營事業有盈餘者，始得發放績效獎金，但不得超過一.二個月。
1254,反映國家經濟困境、迴應社會民意和改革聲浪，必須要做出的決定。
1256,取得人頭帳戶，專門鎖定身材豐腴女網友，以假照片與甜言蜜語「誘婚」，再以「廠商要賄賂我，不能用自己帳戶收回扣」，成功把女網友帳戶騙走，共有20名女網友受害，其中一名國立大學女博士生獲知到案時，被愛衝昏頭的她堅稱︰「你不要騙我，他一定會來娶我的！
1258,被害女網友們無人曾與詐騙男友見過面，但詐騙男友卻以「廠商要賄賂我，不能用自己的帳戶收回扣」，成功要到被害人帳戶，且允諾即將回臺，會把獎金分給女網友，還要攜手步入禮堂。
1260,從韓國手上拿走冠軍證明臺灣實力隊長MiSTakE接受記者訪問時表示，奪得冠軍最大的意義不在於愛國情操，而是能從韓國政府投下大量資源培植電競運動的電競大國隊伍手上拿到冠軍，證明臺灣選手自己的實力。
1262,臺灣電競環境還未成熟盼政府協助MiSTakE也表示，自己從來沒懷疑自己選的路是否正確，或後悔走上電競路，只懷疑自己是否盡了全力，對於想踏入電競道路的玩家，MiSTakE說，臺灣的電競環境還未成熟，自己需先做好生涯規劃，兼顧自己生活，再儘可能去闖、去追夢。
1264,外傳三千萬獎金須與贊助公司對分ＴＰＡ臺北暗殺星隊員平均年齡二十一歲，目前大多數是大學在學學生，Lilballz宋寬柏是美國回來的，TOYZ劉偉健則是香港人，除MiSTakE唸的是數媒，各人所念領域未必與電玩相關，甚至有人是暫時休學、專心參賽。
1266,在遊戲中殺氣十足，但被外國媒體問到要如何使用獎金時，Bebe卻害羞地說不出話，最後還是MiSTakE把他「想買電視」的心願說出來；身型魁梧的Lilballz說，回到臺灣第一件事就是要好好享受臺灣美食。
1268,網友「Jass」直言，一般體育活動能運動健身，但打電玩「只聽過死在椅子上的，還沒聽過能健身的。
1270,如今，南韓光靠遊戲產業，就賺了不少錢，電競選手也享有高額薪水與社會地位。
1272,雖然臺灣電競人才很強，卻缺乏政府的大力支持。
1274,而若政府想協助遊戲產業的推動，網友「小豬Ted」則建議「先從減少代理韓國遊戲開始。
1276,畢業典禮那天，我故意扣住他的畢業證書，他媽媽來找我，懇談了很久，兩個人談到抱頭痛哭，卻對孩子的拒絕學習一籌莫展。
1278,他對學習毫無動機和興趣，上課都在睡覺或鬧同學，我寫過很多次聯絡簿，也打了無數通電話給家長、去家訪，家長說她都知道，小孩打也打了，罵也罵了，送去安親班還被退貨，人家不收。
1280,進度嚴重落後，上課幾乎都聽不懂，我提報他參加學校攜手計畫，需要家長同意書，發了三四次，都沒有迴應。
1282,結果，他在課堂上大發脾氣，還兇那個補救教學老師說：「妳看過學生殺老師嗎？」把那個老師嚇得不敢上課，也不想再教他了。
1284,怕孩子被貼標籤，甚至還會怪老師。
1286,家長而延遲治療機會，孩子的時間就被浪費了。
1288,12年國教須提早分流，小學畢業就讓對學術沒興趣的孩子學習技藝。
1290,從首度談薪得知林益全期待加薪百分百想法，義大犀牛隊就開始討論這價碼的可行性，雖然正反意見不一，最後還是從平均30萬加到50萬元，最大的關鍵在於林益全4年穩定表現，已證明是最值得投資的潛力績優股。
1292,義大副領隊張哲欽表示，這次會面由創辦人林義守親自出馬，期待充分瞭解林益全想法，兩人闢室密談後很快達成共識，最後敲定這筆大型複數年合約，他說：「創辦人肯定益全的拚勁，還鼓勵他就從這次入選經典賽拚起，拿出最佳表現秀給國人看。
1294,中職第四高，另外，合約還有高達600萬激勵獎金，若全數達成激勵高標，3年最高可拿到2400萬，等於平均月薪來到66.67萬，也僅次於陳金鋒，是中職史上次高。
1296,立法院昨天休會前通過朝野協商結論，國營事業績效獎金確定維持上周方案，一百年度國營事業績效獎金不得超過一.二個月，一○一年起則須有盈餘才能發放，最高額度也不得超過一.二個月。
1298,上週協商時，朝野黨團雖達成刪減績效獎金共識，但具體立場仍南轅北轍。
1300,績效獎金召開臨時會，但要求刪除「不再行處理」字樣，其餘皆依上週結論辦理。
1302,冠軍消息傳回臺灣，網友在《臉書》和ＰＴＴ（批踢踢）瘋狂貼文狂推ＴＰＡ。
1304,他們的比賽，能夠拿下冠軍真的是非常不容易。
1306,熱愛電玩的網友witness0828則貼文「看到ＴＰＡ奪冠是此生最激動的時刻」。
1308,您寫的太好了，讓人有興趣學會計。
1310,〔特約記者鄭曉蘭／綜合報導〕日本一年一度的情人節商戰開打，各家業者無不絞盡腦汁，推出各種不同名義、獨特風格的情人節巧克力，希望能在琳琅滿目的同類商品中脫穎而出。
1312,不過，日本情人節巧克力就是女送男的觀念，似乎已經落伍。
1314,事實上，除「朋友巧克」外，日本各大百貨公司的情人節「爸爸巧克」，近年來需求急速攀升，尤其是在三一一東北大地震後，人們更珍惜與親朋好友之間的情感，於是情人節致贈巧克力給父親、家人或朋友的習慣，也逐漸普遍化。
1316,「LINE免費貼圖」的Facebook臉書)粉絲團，利用哆啦A夢、櫻桃小丸子等可愛貼圖吸引網友，宣稱只要對粉絲團按贊、轉貼，並留下個人LINE帳號，該貼圖就可以免費寄到帳號中，兩天內便吸引逾十萬名網友轉載、留言，LINE官方緊急透過臉書澄清，呼籲網友別再受騙。
1318,對此，熟知網路詐騙手法的網友也制作了關係圖提醒，表示網友透過臉書按贊、轉貼再留下詐騙業者最難取得的LINE個人帳號，將可讓不法業者輕易獲得使用者的信箱、居住地、職業、電話號碼等個人資料，透過這些資料還可以進一步轉售，導致受騙者未來收到的垃圾簡訊、垃圾信件機率大幅提升。
1320,「有冤報冤，有仇報仇，誰殺你們就找誰報仇！
1322,經過搜查，防治所人員查扣剛宰、已被肢解的十二隻完整狗屍，並從冰箱起出約八隻冷凍狗肉，合計重達一百七十多公斤，並在散發惡臭的倉庫內起出三大袋約四百三十五支狗鞭及數量龐大曬乾的睪丸，防治人員研判，如果加上母狗在內，這家屠宰場恐怕殺了千隻以上的狗。
1324,首先，得勇敢地讓家人知道，也讓信任的老師知道，讓大人及朋友來陪伴自己面臨挑戰，會更容易面對跟處理眼前的困難。
1326,但真的懷孕時，對方又能負什麼責？怎麼負責？怎麼照顧？目前他能充分照顧自己了嗎？恐怕很多時候，在懷孕後，如果對方也是青少年往往負不了什麼責任，貢獻出精子的這位男性也會很懊惱，不如在發生性關係前，就好好防範於未然。
1328,無論如何，都不應當讓迎接新生命這件開心的事，變得生命的負擔。
1330,如果同學們知道有同學懷孕了，也要一起好好學習保護少年媽媽，這將是很好的親職教育過程，一起將心比心，一起迎接新生命。
1332,如果自己是未成年學生，覺得要面對這些事情有些麻煩，真的不想要面對與處理這些問題，請男方不要當「小孬孬」，好好戴上套。
1334,未成年懷孕學生身邊的大人，剛開始聽到這樣的消息，難免震驚，但當孩子願意跟我們說，代表的是孩子信任我們，此時真的需要我們的幫助。
1336,今年寒假史上第二長，一放30天，全臺19家樂園和觀光局合作，提前促銷，除夕前，每天有大人陪同的前100名國小學童，100元就能入場，春節期間拍照上傳活動網站，再抽60吋大電視。
1338,寒假開始，桃園業者這兩天遇上好天氣，一天就涌入5000人，成長4成，春節更要衝1倍業績，雲林業者寒假搬出新設施，門票打66折，預估業績也能成長3成，樂園寒假搶客戰，正式開打。
1340,遊戲基地總經理江文忠：「像電玩打怪，就會經驗值就有錢，可以立即得到一些成就，那在工作上如果有機會變成這個樣子，在工作上有機會，做每件事情都有評核的標準，他就會知道怎麼去努力得到他的獎賞。
1342,去年25萬的獎金，今年最高有21萬，預估平均預估最少10萬塊以上，另類的年終獎勵，員工幹盡十足，公司業績也成長五成以上，聽在一般的上班族耳裏，只能嘆，好羨慕。
1344,侯先生的手腕，一點空隙都沒有，就算要破壞手銬也沒有空間可以施力，試了半天后也無奈的搖搖頭；員警只好又找來鎖匠幫忙，無奈鎖頭破壞嚴重鎖匠也沒法子。
1346,日本首相安倍晉三的外交智囊谷內正太郎20日表示，中國以「武力威脅」對釣魚臺日稱尖閣諸島)提出主權要求，破壞國際規則。
1348,使用武力、威脅或強迫，在鄰國或更廣泛的國際社會上都不會贏得好的聲譽。
1350,另外，美國日前呼籲歐洲盟友加入美國亞太區「再平衡」戰略，並多次強調不針對特定國家，更不會威脅中國。
1352,潘振強還指出，在釣魚臺問題上，美國含糊的態度，鼓勵了日本右傾勢力，「美國不要做得太過火，如果中日發生衝突，美國人的日子是很難過的。
1354,陳守煌表示，陳水扁目前經由戒護外醫已獲得完整醫療照護，臺北監獄雖然重視扁醫療人權與身心健康，但仍須依法行政，不能因政治或外力介入，做出違背法律的保外就醫決定。
1356,另位陳水扁醫療小組成員、客社前社長張葉森也表示，阿扁過去被關在北監裏，被日光燈一直照射，監視器也一直對準阿扁，其他受刑人運動時可大家一起運動，只有阿扁單獨做運動，法務部只選擇對馬政府有利的方向講。
1358,這是你我都可能遇到的問題。
1360,直到去年十一月，她的父親突然檢查出肺腺癌末期，無疑是對她家人投下震撼彈，人生出現了前所未有的衝擊，打亂了她人生的秩序。
1362,兄弟姊妹商量時，哥哥們希望要有家屬天天去看，但他們兄弟姊妹分散在臺中、桃園、臺北、日本與大陸，那父親應該送到哪裏？工作時間較彈性的傅碧惠，自願將父親接到臺北的照護中心住。
1364,網路上一隻小有名氣的柯基犬「卡內」，主人經常在BLOG分享願意讓狗進入的友善餐廳，但絕對會附上一張「告示」，宣導帶狗上餐廳的禮儀。
1366,「卡內」是一隻5歲多的柯基犬，主人卡內拔經常替他拍照，而卡內麻就負責在BLOG撰文，分享帶狗兒子吃喝玩樂的生活點滴。
1368,害怕給店家帶來麻煩，所以總是要附上一張「告示」宣導寵物上餐廳的禮儀。
1370,「如果你做不到，求你行行好，上餐廳別再帶寶包，以免害別家乖寶貝再也去不了。
1372,這種鳥事被寫出來的話，是誰會被鄉民圍剿？大家的寶貝都是寶，沒有誰比誰可愛，但是養狗能不能得到別人的尊重完全是看主人，而不是怪寶貝不懂禮貌。
1374,太多飼主「把方便當隨便」，破壞店家的環境、影響到其他客人，讓不少業者因此怯步，只好在門口貼上寵物禁止入內的貼紙，不敢再對寵物說「歡迎光臨」。
1376,工商時報【記者吳筱雯、詹子嫻╱臺北報導】全球最大行動通訊展MWC主辦單位GSM協會昨日公佈全球移動獎入圍名單，宏達電以蝴蝶機/DroidDNA入圍最佳智慧型手機獎，是連續第4年入圍此一獎項，而華碩不僅首度以變形平板TransformerInfinity入圍最佳平板電腦獎，由華碩一手打造的GoogleNexus7也一同入圍。
1378,當然，政府的責任最大，務必有效思考對策：一、救火救急，息怒第一：搧風點火不是人民之福，熄火重建纔是全民所盼！
1380,每次單一批判的論調起舞，陷入了「無解又無感」的困境。
1382,其中李姓大學生態度挑釁，竟出拳毆傷對方，吳也遭另兩人反擊掛彩。
1384,吳宗憲表示，對方提告，自己也會提告，他自認傷勢很嚴重，昨傍晚依舊搭機赴芝加哥表演，強調這不是落跑，並坦承當晚喝酒，但酒品和ＥＱ都很好，起衝突是他誤認對方是「狗仔」，「我會透過管道約他們出來聊聊，當面跟他們道歉」。
1386,不久，五人結帳離去時，吳又追出，其中李姓大學生和友人說話時，吳即對李揮了一拳，造成下嘴脣撕裂傷。
1388,其中一名男子隨後向吳宗憲示好，表示此事原則上要低調，不希望擴大，而李生原本表示暫不提傷害告訴，但下午又向中正一分局忠孝西路派出所提告。
1390,對此，臺中市動物保護防疫處長餘建中強調，市府已成立「臺中市動物保護重大案件查緝小組」，積極執行，並提供破案獎金。
1392,臺中市動保防疫處長餘建中指出，除了加強動物保護觀念外，另外成立「臺中市動物保護重大案件查緝小組」，成員包括跨局處人員、警察局、環保局等相關單位，並提供破案獎金。
1394,從事動物保護工作的志工做的更好。
1396,今晚7點在臺北信義威秀中庭廣場、臺中NOVA及高雄GAME休閒館高雄旗艦店，同步舉辦首賣會。
1398,清晨5點就到臺北信義威秀搶第一的22歲陳同學表示，玩「最後一戰」已超過8年時間，不僅故事情節非常吸引人，還可以和朋友一起對戰。
1400,現代遊戲娛樂史上的全新開始，其不只是遊戲，更代表XBOX平臺上的多元娛樂內容。
1402,臺北暗殺星準決賽勝上季冠軍由美國Riot遊戲公司發行的「英雄聯盟（LEAGUEOFLEGENDS）」遊戲，目前正在美國洛杉磯進行第二季世界錦標賽，來自臺灣的臺北暗殺星昨天在準決賽以二比一逆轉擊敗世界排名第二的俄羅斯Moscow5隊，晉級總決賽，一旦獲得冠軍，獎金高達一百萬美元，亞軍亦有二十五萬美元。
1404,臺北暗殺星隊長MiSTakE（陳匯中）表示：「兩個月前，我們還沒沒無聞，沒有想過能夠站在這裏與世界頂尖隊伍對戰，但是這兩個月來我們非常努力，也做了許多犧牲，努力與犧牲卻給我們帶來了更多。
1406,「臺北暗殺星」先於月初的八強賽中擊敗「NajinSword」晉級，繼而在昨天準決賽中遇上冠軍大熱門Moscow5；陳匯中說，Moscow5可能是壓力大又太過輕敵，所以「臺北暗殺星」在不被大家看好情況下，放手一搏，終於打了一場勝仗。
1408,「英雄聯盟」遊戲去年首度舉辦世界錦標賽，總獎金高達二百萬美元，目前全球有數千萬玩家，臺灣也有上百萬玩家，主要是大學生，號稱每十個大學生就有一個玩過英雄聯盟。
1410,自制標語、旗幟，祈禱臺灣隊守住冠軍，不要讓韓國隊帶走。
1412,由於前2場比賽中，卡爾瑟斯都扮演了關鍵的角色，因此AZF第3場使用禁止使用角色的權利，禁止雙方使用卡爾瑟斯，不料此舉正中TPA下懷。
1414,原本氣焰高張的韓國隊，此時面如死灰，不敢相信自己居然被臺灣隊逼到角落。
1416,他們創造榮耀外，也成功將臺灣、中華民國推上世界舞臺，做了一次精彩的「電玩外交」。
1418,記者洪聖壹／臺北報導全球電競運動支持者之一的雷蛇Razer)，在電玩展開展當天，宣佈與《英雄聯盟》Season2冠軍隊伍臺北暗殺星TPA)以及由原隊長MisTake領軍之新兄弟隊伍臺北狙擊者TPS)合作，持續贊助戰隊所需設備，藉此鼓勵日益蓬勃發展的臺灣電競環境，接下來活動現場也將持續舉辦《英雄聯盟》表演賽事，並與主辦單位合辦官方。
1420,對現在臺灣電競玩家來說，除了有很多很好的贊助商，而雷蛇也針對玩家量身訂做許多電競設備，讓玩家可以發揮完整的實力，還有一個很好的環境，像是TPA、TPS的戰隊可以互相觀摩與學習，是追求夢想是最好的時刻。
1422,除此之外，主辦單位也將在電玩展期間，一連五天舉辦「第一屆TGS電競大賽」，比賽項目有《A.V.A戰地之王Revo》、《英雄聯盟》、《星海爭霸2》和《暗黑破壞神3》等四款熱門遊戲，在這當中《A.V.A戰地之王Revo》，除了將於展期五天舉辦S組與A組的總冠軍賽，S＆A升降級比賽也首度移師現場舉行，預計在2月3日邀請香港最強戰隊來臺與臺灣代表隊一決高下。
1424,隊長感謝相挺盼政府支持電競運動在拿下冠軍盃後，隊長陳匯中接受訪問時說，感謝國內玩家一路支持與批評指教，這次冠軍證明臺灣與臺北暗殺星在電競的實力與努力獲得肯定，他希望政府能把電競運動當作籃球、棒球等運動看待，投注更多資源支持，同時讓職業電競選手也能享受運動選手的福利，只要繳出好的成績，就可以申請服替代役，以免在部隊服役導致技能生疏。
1426,臺北暗殺星在賽前並未被寄以厚望，但是卻連續擊敗世界排名第三的南韓NaJinSword、排名第二的俄羅斯Moscow5，以及排名第一的AzubuFrost，獲得冠軍絕無僥倖。
1428,接下來兩場比賽精準的掌握了TPA固有的節奏，不但順利拉開比賽中經濟及裝備的差距，更選擇了最佳的進攻策略，順利的奪得勝利，甚至讓AZF提早舉了白旗投降，贏得全場歡呼。
1430,TPA粉絲接機招募中」活動，將抽出100名幸運的召喚師，在16日晚間一同搭車前往桃園國際機場迎接TPA凱旋歸國。
1432,「對不起，我過去對你不太好，希望你在另一個世界能過得好」，一位方小弟的同學，寫下對他的歉意與懷念；也有同學訴說與方小弟相處的快樂時光，更有人懷念他的笑容。
1434,校方已成立「方小弟弟愛心捐款帳戶」，接受各界捐款濟助方家。
1436,平日非常疼愛方小弟的校長在致詞哽咽地說，「我們大人對不起你，沒給你一個安全的環境，讓你來不及長大，希望你在天上當個無憂無慮的小天使，從此遠離危險，永遠快樂。
1438,學校除決定將他在教室的課桌椅保留到運動會結束後，還會在運動會時將他的椅子帶到操場與同學們在一起。
1440,甫獲2012紐倫堡國際發明展銀牌獎殊榮的明道大學材料系吳信達助理教授，又拿下準世界發明家獎「化學發明獎章」。
1442,如此，長期以來造成吳信達老師心理上的挫折與自卑。
1444,吳信達老師同時表示，讀書本來就不是一作很輕鬆的事，別人也是苦過來，而那些工作壓榨者，會是你的阻礙，也是幫助者，可以幫助你振作，他強調，當你可以跳脫阻礙之後，人生沒有什麼事可以難倒你的。
1446,榮獲「化學發明獎章」，吳信達助理教授覺得很開心，他說，這是一個珍貴的榮耀。
1448,明道大學吳信達助理教授參加2012iENA紐倫堡國際發明展，以「超輕型質子交換膜燃料電池」榮獲銀牌獎殊榮；今年並在儲能技術發展榮獲「第十五屆莫斯科阿基米德發明展銀牌-銀牌獎」。
1450,連發投注站不是第一次開出刮刮樂頭獎，二○一○年九月二日，一名四十多歲中年男子，刮中「皇傢俱樂部」刮刮樂頭獎五百萬元；今年元旦，一對熱戀中的情侶刮中「聖誕嘉年華」刮刮樂頭獎五百萬元；才隔四十一天，大年初二又刮出頭獎三百萬元，讓店家爆紅。
1452,刮刮樂，問店家要如何對獎？洪月娥一對，興奮地告訴他「刮中頭獎三百萬元！
1454,頭獎擦身過排前頭男子鬱卒只是幾家歡樂幾家愁，一名江姓男子昨天無奈的說，這名中獎年輕人就排在他後面，他自挑了同迭的「紅包一把抓」刮刮樂兩張，當時剩沒幾張，卻沒挑中，與三百萬元擦身而過，害他鬱卒一整天。
1456,男友不滿女友要分手，趁談判的時候，拿刀挾持女友，並把跟女子一起去的朋友趕到門外，朋友報警，還聽到女子在屋內不斷喊叫，警方趕到現場敲門，男友在租屋處縱火，現場還發出巨大爆炸聲響，男女活活被燒死在屋內，雙方家人都不敢相信男子這麼殘忍，警方初步瞭解，死者雙方在女子工作的髮廊認識，男友常常暴力毆打女友，最終沒談成分手，引發悲劇。
1458,死者朋友：「男生一直不讓女生走，就是以暴力威脅跟騷擾對方家人，她女子)有叫我幫她，如果有怎樣趕快去救她，所以我就有先報警。
1460,對脊椎也非常不好!!!這種人只是想靠狗出名吧!!!不屑!!現在網友更找出2010年，包子在游泳圈上站立，被主人在水上不斷旋轉，最後還落水的畫面，網友YuciWang寫道，看了這些影片整個眼淚就下來了；網友MissyTsai說，影片裏包子的眼神好害怕..............不捨..。
1462,他們的照顧方式，根本就是虐待。
1464,網友AndyCho表示，大家都是愛狗之人，我也是不懂每個品種小狗的身體構造或容易以發的疾病，也是看的相關新聞報導才瞭解狗疾病跟一些知識，包子的主人絕對不會是像大家所說的虐狗的人；網友ChiyouSun，希望大家可以先把重點放在，讓包子早點康復的這一點上面...包子的把拔馬麻都是很善良的人。
1466,九人的廂行車，被對向的酒駕車輛迎面撞上，整輛車翻落山溝，結果現在一人死亡，兩人昏迷，六人重傷，肇事駕駛也重傷昏迷中。
1468,〔自由時報記者姚嶽宏／臺北報導〕臺北街頭昨天發生隨機砍人的恐怖事件，造成兩位女性遭砍傷，逞兇68歲周姓男子竟揮刀高喊「還有誰要被我砍！
1470,四處攻擊路人，幸好大家遠遠見他不對勁，都繞道而行。
1472,至於兩名被砍傷女子，先就近到一旁的仁康醫院做簡單止血包紮，再轉送北醫救治，年輕的周女傷勢較輕，手臂有10公分劃傷，王姓婦人因頭、頸及雙手都有刀傷，加上遇襲後驚嚇過度，迄晚夜仍無法做筆錄。
1474,開出大樂透頭獎次數最多的是位在屏東縣潮州鎮太平路83號1樓的好運旺彩券行，最高開出4.83億大樂透，而且1注獨得。
1476,三溫暖員工發現不對，將男友攔下，趕快跑出門口呼喊經過的員警，這時才叫了救護車，將吳姓少女送醫。
1478,今天不是我害她，說這摔車全是意外，毫無悔意。
1480,陳昱安被控於民國99年9月間因揣測父親對他偏心，不滿父親多次要求他外出工作，預先準備生魚片刀及菜刀，砍殺父親110多刀致死；歷審均依殺直系血親尊親屬罪，判處陳昱安死刑。
1482,陳文禮說，陳父要求陳昱安外出工作，是一般父母對子女的期待，陳父50多歲了仍不辭勞苦工作，陳昱安卻無同理心，不知感恩圖報。
1484,王寶蒞說，不能以陳昱安砍殺父親幾刀而認定其犯罪層次，1名小孩如此傷害父親，「背後難道無更深層的原因？」，且針對刑法第57條科刑時須審酌的各項情狀，也還需盤點式調查。
1486,警方指出，兇嫌目前仍行蹤不明，正積極追緝中，並透過管道策動兇嫌出面投案，不要一錯再錯。
1488,前職棒球員一度不願證實，最後才證實「過去式了」，但對曾是球隊投手的棒壇明星涉嫌盜林，感到惋惜。
1490,職棒球員表示，許文雄當時獲悉遭判賠違約金100萬元，曾表示尊重法院裁決沒有任何意見，但也顯示他無奈的心情和失意。
1492,涉嫌于山區盜伐珍貴牛樟木的嫌疑人，檢警和職棒球員對於許文雄的境遇一步輸全盤輸，感到不勝唏噓。
1494,勒斃母親的江進盛，十四日被檢察官以殺害直系尊親屬且有逃亡之虞，向法院申請羈押；惟承審法官審理後以江嫌還留在現場近五小時，之後去學校接女兒，並通知妻子返家，最後前往派出所自首，顯見無逃亡的打算，而犯罪現場也沒有被破壞，認定江無滅證之虞，諭知五萬元交保並限制住居。
1496,江嫌於地檢署復訊時，表情木訥，直說壓力很大，江妻在旁強調先生因照護母親和家庭壓力過大纔會鑄下大錯，事發後「家裏更需要他」，會陪他走出陰霾。
1498,國際中心／綜合報導埃及開羅法院26日判處21名涉及塞得港奪命球場騷亂的球迷死刑，引起極大迴響，讓死亡球迷的家屬感激落淚，但被判死刑被告的家屬及支持者則爆發暴動，造成最少32人死亡，約300人受傷。
1500,開羅法院本月26日公佈判處結果時，讓被害者家屬十分欣慰，覺得正義受到伸張。
1502,正義妹表示，當時聽到樓梯間有人呼救，衝出查看，赫見婦人與持刀歹徒僵持，當下只想要救人。
1504,高雄鳳山這場大火困住一家10口，3人自行逃出，還有7個人受困火場，就在11歲的小妹妹被救出時，一度出現找不到救護車的窘境，救護人員搶時間跑了200米，還好最後是巡邏車接力應急，這也引發救護車不夠的質疑，消防局表示，他們在第一時間出動了3輛救護車，比臺北市標準流程1輛還多，只是沒想到受困人數太多，一發現就緊急增派，順利將傷者送醫，並沒有延誤。
1506,有趣的是，現場還臨時上演一段粉絲見面會，陳美鳳也熱情迴應，給予庇護員工「愛的抱抱」。
1508,今年庇護工場年節特賣產品包括喜憨兒的甜蜜蜜禮盒、慈泰的喜福堅果禮盒、集賢的喜福花漾禮盒、久大的LED節能燈管、愛盲的歡喜皁禮盒等，內容包羅萬象。
1510,我能理解，我是一個無能的家長。
1512,求求你們，向我們這些無助的家長伸出援手。
1514,一夕間家破人亡，孫子、女兒2屍3命赴黃泉，清晨從火場逃出的屋主太太，激動昏厥，一旁幫忙攙扶的親戚，也忍不住淚流滿面。
1516,有人嘲諷應拿經濟獎不是和平獎諾貝爾和平獎委員會大力推崇歐盟，在締造歐陸和平上的貢獻，但事實上，歐盟對於在其正式成立不久後所發生的波士尼亞戰爭，幾乎使不上力；遑論目前歐債危機橫掃大多數歐盟國。
1518,諾貝爾和平獎的給獎標準，通常是表彰致力推動和平者的終身成就，如二○○八年和平獎得主、曾成功調停科索沃、印尼亞齊等地紛爭的芬蘭前總統阿提沙利；或鼓勵仍進行中的和平努力，如一九九四年和平獎得主巴勒斯坦解放組織領袖阿拉法特、以色列總理拉賓與外長裴瑞茲，就意在鼓勵中東和平。
1520,反對加入歐盟的在野黨社會黨預期，和平獎將引發改組諾貝爾委員會的辯論。
1522,主持這起安樂死專案的醫師杜佛（DavidDufour）說，「他們很高興，可以結束他們的折磨是一種解脫。
1524,佛貝森兄弟安樂死案獨特之處在於，兩人都非末期病患，身體也未受痛苦。
1526,兩人用特殊手語溝通哥哥德克說，這兩個弟弟成年後的人生都在一起，住在同一間公寓，他們使用特殊的手語，只有彼此和最親近的家人懂，無法與外界溝通，「他們最害怕無法再看見彼此，這對我弟弟來說是無法承受的事情。
1528,〔自由時報記者陳炳宏／臺北報導〕第八屆「烏克蘭國際發明展」昨天公佈得獎名單，臺灣代表隊九十七件參賽作品，就獲得五十面金牌、三十三面銀牌、七面銅牌，中獎率超過九成，得獎數較去年多一倍，在所有參賽國中表現最佳。
1530,易吉益公司楊輝雄以「海浪發電裝置」及「可降解性包裝材之製作方法」獲最佳能源發明與最佳發明兩獎項，是最大贏家。
1532,國三生獲最佳青年發明獎現年十四歲的最小參展者、臺中居仁國中三年級學生林定宏，以「智慧型電風扇」獲頒最佳青年發明獎。
1534,智慧電風扇則是從同學家的XBOX360Kinect體感遊戲機獲得靈感。
1536,此外，建國科技大學的「微機電控制動柱式快速搪銑加工中心機」獲頒市政府特別貢獻獎；臺北醫學大學的「新型自組裝技術應用於人工植入物之發明」獲頒烏克蘭健康醫學聯盟醫學特別獎。
1538,引發朝野關切電競選手未來，行政院長陳沖15日表示，經濟部可比照優秀體育選手服替代役方式來研擬。
1540,選手出國比賽，體委會總是用「非正式運動項目」來拒絕授旗，但往往奪牌後，又能得到總統等官員的召見。
1542,數位原力總經理徐人強說，遊戲產業發展二十多年，國內已有七、八家上市公司，年輕世代的市場觀念已經跟上，但是社會決策階層的人似乎還沒，尤其在購物、閱讀都已是數位化的時代，電子競技也應該被正視，「臺北暗殺星」在國際上的優異表現，是一個很好的時機，錯過了，不知又要拖到什麼時候。
1544,新頭殼newtalk2012.11.11胡華勝/分析報導HTC今（11）日以重大訊息方式公告與Apple達成專利訴訟的全球和解協議，雙方甚至還協議了一紙長達10年的專利授權協議。
1546,叱吒科技界的微軟，其Windows作業系統、Office文書處理軟體、InternetExplorer網際網路瀏覽器、MSN通訊軟體等，自1985年起後的數10年，大家都對微軟及其產品相當熟悉，甚至是每天都要使用這些產品。
1548,Gmail免費信箱也一舉擠下Yahoo!Mail及微軟Hotmail，逼得Yahoo!及微軟跟進，提升信箱容量、改進垃圾郵件過濾，但似乎已經難以挽回消費者的心。
1550,甚至微軟以併購方式買下Skype，並計畫將MSN帳號與Skype合併，但是失去的舊有優勢恐怕不是當初可以預料的。
1552,Apple已經逐漸喪失了創新的養份，產品規格的更新味道大於創新應用。
1554,王心凌去年傳出介入姚元浩與隋棠的戀情後，灑淚否認自己是第三者，今年王心凌與姚元浩重燃愛火，坦承戀愛中。
1556,兩人愛情趨向穩定，情變機率小。
1558,詹惟中說：「女方事業很棒，與愛人互相幫忙，感情會加深，男方則是事業有向上提升的好機會，愛情事業兩宜，有工作就要接，勇往直衝。
1560,「ELVA」蕭亞軒與柯震東相差12歲的姊弟戀，至今交往半年，2人也常被狗仔拍到黏TT，連柯震東的爸爸也贊ELVA是「很棒的一個女生」，命理師詹惟中分析柯震東蛇年事業運旺，反觀感情運較不穩定；蕭亞軒若感情發生波折，要另找新歡也不難。
1562,詹惟中分析周杰倫蛇年戀愛運旺，但孕事將不如心願，可能要到馬年才能播種成功；昆凌則是愛情、事業運皆不錯，若抓住周媽的心，將遠離感情危機。
1564,另發簽證，印度在中國入境簽證上加蓋印度地圖，菲律賓也拒絕承認中國新版護照。
1566,中國軟土深掘稱抗議不成立段宜康說，大部分中國人民來臺都是持「大陸居民往來臺灣通行證」，政府採取這種作法雖不會有太大實質影響，但馬上就能產生宣示效果；陸委會迄今卻是態度閃躲，移民署也還是接受中國人民使用該國護照，他感到非常遺憾。
1568,「2012臺北客家義民嘉年華」昨14)日在臺北市客家文化主題公園舉行主祭大典，馬英九總統特別親任正獻官，與世界客屬總會榮譽總會長吳伯雄、客家委員會主任委員黃玉振、臺北市長郝龍斌等依傳統禮序行上香禮，一同感念義民爺保境安民的忠義精神。
1570,客委會黃主委表示，能與來自全臺的客家鄉親們一起紀念義民爺，他感到歡喜又榮幸。
1572,非客家籍的郝市長以客語致詞，博得臺下鄉親們的掌聲鼓勵。
1574,比黃昭順年紀大一輪的「老蛇」國民黨立委徐少萍，同樣也是「蛇」怕蛇，心情卻很複雜，如果要比喻，有一點像怕鬼，卻又愛看鬼片。
1576,讓她印象最深刻的是古早時代的武俠電影「七俠五義」，「劇中有一條很大的蛇，讓我印象深刻，以後只要電視、電影中有關蛇的事，我都喜歡看，尤其有大蛇的。
1578,蘇震清小時候住鄉下，經常和朋友在田間抓田鼠、青蛙，難免遇到蛇，還有一次用小蝌蚪釣青蛙，結果卻釣到一條蛇。
1580,同齡的國民黨立委馬文君，南投家中經常有蛇造訪，消防隊已經不知來服務過幾趟；她印象中，家裏發現過最大的一條蛇是長達兩公尺的「臭青母」，還打破南投埔里消防隊的紀錄。
1582,李俊俋收藏蛇領帶也是「低年級」的民進黨立委李俊俋，對蛇相當冷感，被問及對蛇有何感覺？他說，很少談這種東西，倒是有收藏一條蛇圖案的領帶，是在國外旅遊時發現的；因有關蛇的物品比較罕見、自己又屬蛇，覺得有趣纔買回來。
1584,有一天母親農忙後才發現，已經八個月的他還沒報戶口，由於鄉下人都是產婆接生，沒有生產證明，因此就隨便登記了一個生日，實際上他是五十三年十一月十三日出生。
1586,怪父母未幫他存錢〔自由時報記者廖雪茹、黃美珠、蔡孟尚／竹縣報導〕前天發生的新埔林家大火，在場消防員束手無策，導致受困的62歲林榮茂等不到救援，在妻子眼前活活被燒成焦屍，宛如八掌溪翻版，無能政府又添一筆；更令人震驚的是，死者的長子案發後失蹤，昨被逮後才承認縱火，理由竟是氣父母未依承諾幫他存錢。
1588,父親被活活燒死，他說很懊悔，「如果可以，我願代替爸爸承受被火焚身的痛苦」，林嫌正住院治療，警方將等他出院，再依殺人、公共危險等罪嫌究辦。
1590,長子和丈夫一起罹難，後因火場只有一具屍體，曾撥電話找長子，但他的手機卻關機，且行蹤不明，警方試圖鎖定林嫌最後通話所在地的新豐、湖口一帶，漏夜訪查卻未有所獲。
1592,強硬反應，中國軍方不僅隨後舉行大型軍演，還在近日派遣7艘軍艦穿過沖繩海域駛向太平洋。
1594,香港中評社發表專論指出，在釣魚臺爭端初期，美國只是一再宣稱釣魚臺適用於《美日安保條約》，希望以此來威懾中國，逼迫中國在爭端中讓步。
1596,就在美國國防部長帕內達訪問中國時，美國高調宣佈加強在日本的軍事部署力度，就是試圖給中國施加壓力，遏制中國的強硬反應。
1598,另一方面，美國又不斷加強在釣魚臺附近海域的軍事部署力度，試圖以軍事手段壓制中國，逼迫中國不再採取強硬反制措施。
1600,然而，美國軟硬兼施的策略讓中國更加清醒的認識到了美國在釣魚臺爭端中的真實目的，對美國也愈發不信任。
1602,中評社指出，中國的這些反制動作再次表明，美國的武力威懾措施並不湊效，不管美國採取何種武力威懾措施，中國都不會懼怕，中國會堅決維護領土完整。
1604,美國的這些舉動是對中國的挑釁，因此，中國也加大軍事部署來以硬踫硬，這纔是真正值得擔憂的地方。
1606,總統表示，新的1年，他心中有3個願望，希望經由他和全民共同努力，打拚出臺灣新氣象。
1608,總統坦承，去年12月份失業率持續下降到4.18%，失業人數比11月份少了1萬人，就業人數比11月多了1萬3000人，「請大家放心，新的1年裏，我們的經濟、我們的生活，一定會更好。
1610,今年跟往年一樣，他在年前陪媽媽去傳統市場買菜，每年這個時刻，看到菜市場攤販，在寒冬中用冰冷的水洗菜洗魚、整理年貨，心中都會有一種感動，每一個父母，每一個孩子，在準備年菜的時候，一定會想到自己最親愛的家人，都希望把最好的菜，最溫暖的關懷，奉獻給家人。
1612,中央社記者羅秀文臺北14日電)臺灣遊戲選手再度揚威海外，遊戲業者表示，臺灣遊戲人才豐沛，但社會對遊戲業的負面觀感，讓電競產業發展受限，希望政府帶頭正名並給予協助，幫助電競產業與國際接軌。
1614,電玩選手贏得國際競賽冠軍，對於電競選手有激勵作用，並期盼政府能協助電競發展，以及帶頭扭轉社會對遊戲產業的負面印象。
1616,臺灣電子競技聯盟TeSL)於2008年1月正式成立，由上櫃遊戲廠商華義國際、遊戲橘子等業者共同集資設立。
1618,臺灣選手在國際發光的時候，政府單位能正視電競產業，協助電競發展。
1620,結果12局上老虎隊掌握契機，先是Cabrera遭保送上壘，接下來Young再打出超前的二壘安打攻下1分，AndyDirks也打出直擊投手的強襲球，DavidPhelps空手想接球卻無法順利完成出局數，讓老虎隊再下一城。
1622,〔自由時報記者湯佳玲／臺北報導〕新銳世界冠軍「臺北暗殺星」再次站上世界舞臺發光發熱！
1624,再次揚威國際臺北同步歡呼比賽由「新加坡先鋒」對戰「臺北暗殺星」角逐第一屆ＧＰＬ總冠軍寶座，總決賽採五戰三勝制。
1626,「臺北暗殺星」迎戰「新加坡先鋒」的前兩場比賽都獲得勝利，全場一片歡呼，當冠軍獎盃將要落袋之際，怎知第三場被對手以精準選角取得優勢，「臺北暗殺星」受挫敗陣。
1628,臺北暗殺星隊長陳匯中（MiSTakE）表示：「比賽中雖然一度陷入拉鋸，但經過調整，重新找回自己步調，最後能夠取得勝利很開心。
1630,《英雄聯盟》Season2世界冠軍賽十月十四日的總冠軍賽，臺灣戰區代表隊「臺北暗殺星」纔在五戰三勝賽制中，以三比一打敗對手、韓國「AzubuFrost」，在全場歡呼聲中抱回一百萬美元獎金、與象徵最高榮耀的召喚師冠軍獎盃。
1632,因此在他們前進美國爭取世界冠軍前，很多人並不看好TPA能有亮眼成績，甚至臺灣內部都有很多質疑的雜音。
1634,NJ將順利擊敗TPA，沒想到TPA硬是闖過這關，殺入4強賽。
1636,AZF雖然實力堅強，但並不受人尊敬，本次大賽AZF違反運動家精神條款，在比賽時偷瞄轉播大螢幕，作弊取得優勢，遭主辦單位沒收20%的獎金。
1638,有韓國網友質疑，TPA能將此戰術做到盡乎「完美」的境界，是否有人在臺下通風報信？不然實在很難相信TPA每個人都有超強的第6感，可以完全掌握對手的動向，而且每一場比賽幾乎都如此。
1640,世界排名絕對不是隨便排排，在3戰2勝、5戰3勝的賽制中，TPA居然能夠一而再、再而三的創造奇蹟，打敗這些世界排名頂尖的隊伍，實在難以置信。
1642,歌迷昵稱「京爺」的張芸京沉潛2年推出專輯《小女孩》，一貫中性的打扮，但將頭髮留長了些，雖還稱不上充滿女人味，但言談中感覺她變得比較柔和，甚至興起了結婚生子的念頭，「如果人生到了這個階段的話，結婚生子是一個備受祝福的事啊！
1644,玩笑歸玩笑，29歲的她對結婚確實有憧憬，「信仰也是一個令我轉變的契機吧！
1646,如果到了那個年紀，真的想要生小孩，也確定找到一個不錯的對象，那就生啊！
1648,無論是對家人或朋友，張芸京總是習慣報喜不報憂，久而久之也變得不知如何表達，「大家都會看張芸京的外在，好像是很堅強的、感覺是打不倒的。
1650,師長昨天獲悉噩耗都感到訝異與不捨，但副市長蔡炳坤則質疑學校不夠積極，以至於悲劇發生。
1652,訓導主任表示，簡童在班上是一位熱心服務的學生，與同學和樂相處，人緣甚佳，雖然成績中上，上學期成績大幅進步，學期末當天獲得全班評量成績進步獎及認真打掃榮譽卡，林姓導師也經常在課餘時間給予正面鼓勵與讚美，驚聞噩耗感到相當難過，情緒一直無法平復，不願意接受訪問。
1654,根據資訊工業策進會產業情報研究所MIC)研究，2011年全球遊戲人口超過3億人，遊戲市場規模632億美元；預估2012年則再增至691億美元；2013年跳升至732億美元；2014年達773億美元；2015年預估值可達821億美元。
1656,本次獎助學金在審查過程中看到許多同學生活條件拮据，且大部份來自單親及隔代教養家庭，甚至有些同學寄人籬下由親友扶養帶大，讓審查委員們感到百般不捨。
1658,王位同學來自單親家庭，由母親打零工維持家計，王位同學擔憂母親身體健康於是半工半讀幫忙負擔家計，勇於面對這一切拂逆之狀況，也成他獨立自主的個性。
1660,（優活健康網實習記者莊常謙／綜合報導）現代父母相對於以前傳統父母，家庭模式及管教都有很大的轉變，以前父母權威非常大，尤其是父親就像是家中的君王，所有小孩對他又敬又畏，若有犯錯，一定來盤「竹筍炒肉絲」處罰，但是後來臺灣在經過「愛的教育」與「洋化教育」的影響，這樣權威管教及嚴厲體罰已經慢慢退居主流，取而代之的是要跟小孩做朋友、分擔家事，當個新好男人、新好爸爸、新好媽媽。
1662,另外，也不要講出做不到的處罰，與其用「你再不乖就把你丟掉」，還不如實際一點，例如直接警告他說：「你再不聽話，等一下就不能看卡通！
1664,最後，當孩子重複犯錯時，要運用「情緒凝結」技巧：也就是轉身不理他，讓他感受到你是真的生氣了。
1666,第一次見面，有別於其他會害羞地躲在父母身後的孩子，小紅豆主動向我揮手打招呼；而當我和淑文談話時，她則自在地獨處、專注看書。
1668,現在，她不僅是一位成功的母親，也是一位懂得做自己的知名作家。
1670,回想成長過程，不管是生活方式、學校或工作，受到父母期望而下的決定不勝枚舉。
1672,黃淑文說，當她看到榜單出現的是符合父母期望、卻是自己不拿手的師大地理係時，心中確實有一股失落感，感覺被囚困在世俗的眼光和父母的期許裏。
1674,他愛孩子卻不知如何表達自己，更不知如何面對屬於父親的軟弱、焦慮和哀傷。
1676,7年前她剛開始寫作時，常常被退稿，最高紀錄連續被退了9次，第9次收到退稿通知時，忍不住哭了起來，她的孩子看到她在哭泣，反過來安慰和鼓勵她，她才鼓起勇氣投第10次。
1678,父母和孩子相處時，不用隱藏自己的脆弱和缺點，也不用高高在上地用「大人」的眼光看待孩子，愈能站在孩子的立場理解孩子，愈能拉近和孩子的距離，讓孩子敞開心胸和你談心。
1680,臺大社工系副教授沈瓊桃二○○九年對兩千位臺灣大學生進行隨機抽樣問卷，結果顯示有交往經驗的大學生，曾受肢體暴力者達十八.六％；同樣數量的國高中生有一個月以上交往經驗的有卅六％，其中三成曾有受暴經驗，就是說每十名國高中生，就有一名曾受非同居親密關係暴力經驗。
1682,民進黨立委吳宜臻表示，《家庭暴力防治法》在民國八十七年上路後，經歷多次修法，卻把保護對象侷限在同居關係，或一定親屬關係，導致目前許多交往中的情侶等，雖遭到對方的暴力威脅，卻沒有法律可以幫忙，她主張修法將未同居親密關係暴力，納入保護範圍。
1684,新頭殼newtalk2012.12.18楊宗興/臺北報導今（18）日是「國際移工日」，多個移工團體組成的「臺灣移工聯盟（MENT）」早上前往行政院陳情，反對政府將外勞工資脫鉤、增加外勞配額等政策規劃，並要求政府落實人權公約，對劉姍姍這類剝削外勞的僱主定罪。
1686,近50名外勞與移工團體代表高喊「反工資脫鉤，要同工同酬」、「反血汗長照，要家服立法」，要求政府正視移工面臨的問題。
1688,TIWA專員許家雋指出，臺灣今年1整年有許多歧視外勞的事件，包括行政院增加外勞引進配額，製造更多便宜但血汗的奴工；解決外籍看護工休假問題的《家事服務法》，遭到行政院冷凍多時；臺北車站9月間在大廳拉起「紅龍」，阻止外勞聚集。
1690,在美國已觸犯人口販運法令，但劉姍姍在臺灣卻被判無罪，而臺灣的《人口販運防治法》公佈至今，由於認定條件嚴格因此沒有1位法官引用該法定罪，更讓臺灣的人口販運防治政策淪?
1692,人卻缺乏勞動保障，政院擬定的《長照服務法》並未納入外勞，讓臺灣的長期照護系統依然建立在外勞的血汗勞動上；此外，外籍看護工幾乎沒有休假，亟需喘息服務，但《家事服務法》草案卻被政院冷凍近10年，呼籲政府應該解決問題。
1694,中日兩國正處於劍拔弩張，隨時都可能擦槍走火，爆發衝突，甚至局部戰爭，蘇貞昌卻要率團訪日，令人不只好奇，更感不解。
1696,無庸贅言，不管蘇貞昌此行還會晤日本其他任何政要，只要蘇貞昌與石原慎太郎會面，就會讓外界產生「民進黨支持日本右翼軍國主義觀點，反對兩岸聯手保釣」的聯想。
1698,崇拜他學習他只會毀掉全世界甚至是你以後美好的人生啦幹就算家庭問題再嚴重也是有能可以幫你.
1700,這些說法，不能說完全沒有一點道理，但仔細推敲，其實大有商榷餘地。
1702,法國則一方面容許公務員追求和位居選舉性公職而不失去原有公務員地位；另一方面透過「保留義務」，對於公務員施以兼具法律和道德的壓力，使其在表達意見時，必須慎重、節制、均衡，不致流於過度。
1704,FB上看到下面這段話，實在是令人毛骨悚然。
1706,也正是這樣的人，最容易成為使國家通往極端主義政權的推手。
1708,一個殺人工具」，如果這個時候還說要想到保護酒駕者的人權，沒有想到可能被酒駕者傷害的人權，「這個是我們政府在殘忍，對這些被害人在殘忍！
1710,馬英九表示，把酒測標準提高，要更嚴，讓大家知道開車上路就是很危險的事，所以絕對不能喝酒，「你一喝酒就有可能被移送，至少有將近廿四小時你會失去自由」。
1712,要解決勞保基金財務問題，治本之道還是得調高費率，但不能一次調足，須逐步調整，把衝擊降到最小。
1714,於是勞保、健保的財政漏洞持續擴大，形成惡性循環。
1716,馬不好好施政臺灣會崩壞楊志良感嘆，日前他推出新書「臺灣大崩壞」，其實他自己也很討厭「崩壞」這種強烈字眼，可以幸福快樂，誰喜歡崩壞？問題是馬政府上任以來，不好好施政，他深切擔憂臺灣沒有前景，再這樣下去真的只能走向崩壞。
1718,謝長廷受訪指出，當年他與馬英九競選總統時，美國正經歷次級房貸問題，因此他提出「幸福經濟」。
1720,謝長廷表示，馬英九與其透過駐英代表澄清文章，更應該要用行動做更好的政績，讓全民擁戴，便是最好的。
1722,雖然馬已拒絕召開國是會議，民進黨前主席蔡英文仍舊有所期盼。
1724,臺灣團結聯盟則是順勢續推罷免馬總統，黨主席黃昆輝說，臺灣不能再讓馬虛耗下去，馬英九已經無藥可救，唯有馬下臺，臺灣纔有救，他呼籲全民不分老少男女一起來連署。
1726,馬英九執政把經濟搞到這般困境，所以媽媽們決定發動一人拉一人的行動，成立聯盟響應罷免馬英九行動。
1728,國民黨立委陳根德12日在立法院會中要求行政院長陳沖對是否要特赦前總統陳水扁一事表態，儘管陳沖強調，特赦是總統的職權，不過在陳根德再三逼問下，陳沖說，「是可以讓對立的氣氛和緩」；這句話，讓陳水扁的兒子陳致中13日在臉書上發文感謝，強調「陳院長一席話，讓我很感動、很感謝」。
1730,陳致中13日則是針對陳沖的回答發文表示感謝，他說，繼臺北市長郝龍斌站在消弭對抗、社會和諧立場，支持阿扁保外就醫之後，陳沖在國會殿堂公開表示「如果釋放阿扁總統有助藍綠和解，也就是對臺灣的整體發展是好的，他願意支持」，「陳院長一席話，讓我很感動、很感謝」。
1732,這個糾纏不休的議題創造理性解決、符合最佳利益的歷史契機」。
1734,在詢答的過程中，立委做了很多的假設，包括要政黨協商、要民進黨同意等，在很多的假設前題下追問是否有助於氣氛的緩和，所以他才回答，「如果做了這樣多假設後，當然會有助於緩和氣氛」。
1736,郝龍斌妻子高閬仙和李永萍昨均嚴詞澄清，高閬仙透過北市府發言人張其強表示，童仲彥濫用議員身分，躲在言論免責權的保護傘下，做出毫無根據的指控，她個人非常憤怒，今天上午將委請律師提告，並要求連帶損害賠償。
1738,她強調，根本不認識潘董，童仲彥濫用言論免責權，血口噴人，傷害她的名譽，一定要讓他付出重大代價。
1740,童仲彥隨後播放變音處理過的童和好友對話的錄音帶，內容並不清楚，但童再追問郝「你知不知道你太太有收人家鑽石？」郝回嗆說，你如涉及人身毀謗，有种放棄言論免責權到外面再講一次。
1742,後來記者要再找童仲彥到議場外再講一次，並詢問關於李永萍等人將提告等問題時，童已離開議會研究室，電話也沒接通，最後是其李姓助理所接，助理迴應「議員去跑攤，忘記帶電話，會設法連絡議員並轉告」。
1744,他並另在臉書上說「攤很多，電話更多，無法一一迴應，特此說明：阿童問政有所本，不受威脅！
1746,當今的縣市長施政，綠營的比較有能、有感，藍營則無能、無感。
1748,幾乎所有的調查都看衰藍營的縣市長，據說國民黨已打算推出「形象改善計畫」。
1750,改善形象即可化解，無疑是個大錯誤。
1752,權力的傲慢加上學位的傲慢，更會拒絕承認錯誤。
1754,越南這是要玩死自己嗎？越南最主要的投資方來自中國大陸臺灣香港新加坡這些勞動密集型的產業最大的優勢就是工資低廉便于馴化這樣的暴動是明明要把自己搞死啊越南一直以來學習中共用“民族主義”來激勵人民現在這個民族民粹要害死越南人.
1756,如果說抗議就是拍照打卡上傳~如果說抗議就是吃光人家的東西~如果說抗議就是偷行政院的錢如果說抗議就是把行政院當成自己家，也當成觀光區那....回家好嗎?
1758,民進黨前主席蔡英文上週在媒體投書「寫給2013的臺灣」，然而筆鋒流露老練的民粹修辭，委實令人擔憂。
1760,以下這段話更清楚：「我們會對怪手入侵農田義憤填膺，我們會對建商強拆民宅無法坐視，我們也會對公共媒體被資本家把持而憂心忡忡」。
1762,當時「萬年國會」正當性不足，才藉由「國是會議」取得後來修憲的正當性基礎。
1764,其實臺灣缺的不是民粹政治，缺的是負責任的反對政治。
1766,他這個人開朗樂觀，早期也在海外從事台灣民主化運動
1768,剛開完一整天的會，好不容易抽空上來看了一下
1770,立法院朝野黨團日前協商達成共識，要求自101年度起，國營事業（含官股銀行）有盈餘纔可發放績效獎金，但不得超過1.2個月，引發國公營事業單位的不滿。
1772,不過親民黨團在14日再度提出另一項提案，要求行政部門在3個月內提出績效獎金的核發辦法，並且在立院完成審查後，國公營事業101年度起的績效獎金，就依照此辦法發放。
1774,我們是中性的看待，試圖提出合理解決的方案，創造合理討論問題的空間」。
1776,「立委不是拿刀大砍就丟給行政部門，立法院不是拿刀互砍的地方，還有很多技術性的複雜問題，只是很多立委在處理時殺紅了眼，變成張飛打岳飛、關羽砍項羽，全部亂了套」。
1778,中國時報【亓樂義╱臺北報導】中共總參謀部日前頒發《二○一三年全軍軍事訓練指示》，要求全軍與武警部隊加強實戰化訓練，做好打仗準備，提高打仗能力。
1780,受此刺激影響，大陸股市昨非但未受波及，軍工上市企業反倒應聲上揚，一路領漲。
1782,力培養能指揮打仗、保障打仗的優秀人才。
1784,歐巴馬BarackObama)以303票獲得連任，擊敗得到206票的羅姆尼。
1786,在支持者的歡呼中，歐巴馬與夫人蜜雪兒連袂上臺。
1788,雖然選戰很激烈，我們都基於對國家熱愛而出來投票。
1790,另外，歐巴馬展現自己愛家的一面。
1792,我很高興全美國都愛上第一夫人。
1794,之後，歐巴馬感謝了他的競選團隊，「你們是史上最棒的，有些人從4年前參與競選，你們在這一刻創造歷史。
1796,「我知道選戰看似很蠢，很多評論員說這是特殊利益團體的較勁，如果各位能與參與造勢活動的人攀談，你會發現政治不只是表面這樣，你會發現年輕人透過參與，讓他們的後代能享受美好的果實。
1798,在芝加哥，我看到美國的美好前景。
1800,習近平發表「準就職演說」，強調「打鐵還須自身硬」，承認黨內貪腐嚴峻，要下大力氣解決；對照由強硬任事的王岐山掌中紀委，常委排名往前靠，一場「肅貪風暴」可能就此掀開。
1802,中國共產黨十八屆一中全會昨天閉幕，第五代領導人由習近平接棒，國民黨主席馬英九立即致發賀電，向習近平表達祝賀，期盼兩岸強化互信、真誠合作以因應新的挑戰，並創造更多和平紅利，造福兩岸人民。
1804,值得注意的是，在新任七名常委中，除領頭的習近平與李克強外，其餘五人王岐山六十四歲，餘下四人皆六十五歲以上，意味五年後的中共十九大，這五人皆將退休，一口氣將補上五名新常委。
1806,他說，「新形勢下，我們面臨嚴峻挑戰，尤其貪污腐敗，必須下大力氣解決，全黨須警醒起來，打鐵還須自身硬，要從嚴治黨。
1808,即寧可忍受短期罷免案可能帶來政治動盪的痛苦，換來政府施政效率提升、經濟生活改善的中長期好處，誰曰不宜。
1810,其次，不願罷免與馬總統的施政表現無直接相關，純粹只是不願意看到罷免案所引發的政治動盪，會讓臺灣的經濟發展更加每下愈況。
1812,我有可靠消息，學匪鬧得太過火有的民眾已經無法忍受
1814,請小心也呼籲學匪在玩別人羞辱別人的時候小心別波及自己的家人.
1816,這種方式當你們攻擊的另一方已經忍無可忍的時候我擔心你們會死無葬身之地.
1818,他表示，民進黨對中國政策應該要多點智慧，以政治家的宏觀角度提出訴求，不必去強調臺灣要脫離中國。
1820,他說，臺灣要用善意而非仇恨來改變中國，對中國也不能只講求經濟利益。
1822,有鑑於新聞報導和社會對立
1824,放鬆一下心情吧，或許意見不同或許看法相異，我仍然珍惜所認識的每一個人.
1826,這會使美國及其中東主要盟邦以色列之間的緊張關係更甚。
1828,至於凱瑞，以色列也擔心美國外交政策在他主導下，將會使以色列在巴勒斯坦問題和約旦河西岸屯墾行動上面臨更多壓力。
1830,其中一人告訴媒體：「對以色列而言，這是很壞的消息。
1832,相對的，伊朗政府對黑格的提名抱持審慎歡迎的態度。
1834,美國官員表示，德黑蘭的正面迴應，暗示今年美伊舉行會談的機會增加。
1836,伊朗媒體也歡迎黑格的反以色列觀點以及反對軍事攻擊伊朗的立場。
1838,英文「中國日報」（ChinaDaily）本月稍早報導，黑格要獲得國會通過任命案，將面對一場艱難的戰役，但報導也提到黑格「顯然願意與中國合作」。
1840,中共官方喉舌報「人民日報」也報導，黑格在擔任參議員時，一再反對制裁中國。
1842,老實說我個人是寧願整天打魔獸三國累了就玩LOL也不會想要當縣市首長跟立委之類的耶畢竟中路司馬玩得好的話一次星落可以打到對面五個英雄算是很好玩的遊戲當縣市首長跟立委感覺競選很累之後公務繁忙
1844,花果山的猴子們有個特點，就是有被害妄想症為什麼呢幻想著核四會爆炸幻想著會有火山爆發，幻想著阿共會打，幻想著國民黨蓋台，幻想著會走山.
1846,如果這樣吱吱應該學習安潔麗娜裘莉母猴在還沒得乳癌之前把自己的乳房割掉公猴就割掉自己的小雞雞反正這些都是都有風險最簡單的就是去死一死反正走在路上搞不好都會被車撞死活這麼痛苦幹嘛呢?
1848,第二件惡毒的事情選贏李應元其實大家都知道李應元是當砲灰但是馬英九87萬票大贏李應元48萬多票一點面子都不給太惡毒了.
1850,學匪:我的自由不受限!!我跳脫體制外!!我想罵誰鬥誰人肉誰是我的自由!!我佔領立法院是我的自由!!公民不服從!!但是，其他人的自由由我來決定非我族類想進出立院，要先讓我搜查，放行才可進入，我同意他們才有人身自由。
1852,除了我族以外，其他人的自由都要經過我的審查才行幹他媽的死學匪走出立院一定會死得很難看阿
1854,既然核四不堪用，我在此提議，要不要把建出核四這麼爛建築物的工程師及相關包商送上斷頭台？國民黨實在讓我太失望了。
1856,政黨就是理念的結合，華人世界既然只剩下這兩個政黨還相信理智及科學，與我理念相符，那麼我只好支持他們了。
1858,生活不見改善，薪資停滯、房價高漲、出口衰退，馬的民調支持度創歷史新低、僅剩十三趴，使得全國似都同意︰馬先生是個沒用的笨蛋（Mr.Maisanineffectualbumbler）。
1860,國內網友也對此事熱烈議論，有人說，馬笨到獲得「國際認證」，也是臺灣之光；還有人譏諷，馬終於找到他的「歷史定位」了；另有人挖苦，經濟學人泄漏臺灣的國家機密；還有人反問，把經濟學人「買下來」不就結了？馬曾是萬人迷今光環盡失經濟學人在專文的副題中點出︰曾是萬人迷的馬英九，現在已經喪失光環。
1862,「全國看起來都同意一件事：馬先生是個沒用的笨蛋。
1864,更糟的是，政策經常轉彎，遇反對或批評就擋不住，顯示他的寡斷。
1866,前行政院秘書長林益世涉嫌貪污，馬清廉形象受損，黨內要角連勝文批評馬是丐幫幫主，暗示全國在他領導下都是乞丐。
1868,台灣意識覺醒這沒什麼，也不是這一兩年的事情，每個人都愛台灣這對國民黨來說有什麼好擔心不安的，一時的激情難免
1870,很明顯的國民黨是打算採取消耗戰的策略了要逼那些學生日久筋疲力竭之後
1872,甘地願意為了抗爭入監服刑這才叫公民不服從，你們哪一個甘願服刑?
1874,就直接可以抵達，不用再像過去一定得到忠孝新生或者是古亭轉車，同樣節省不少時間。
1876,偏偏就是馬英九這個被認為親中反日的，日本願意和他解決台日漁權問題。
1878,黨報強力回擊，透露出總書記習近平主導強勢外交的味道。
1880,條款提案人、民主黨參議員韋伯表示，條款強化美日同盟的重要性，是美國支持亞太地區重要盟國強有力的表態。
1882,文章向美方喊話，指釣魚臺問題事關中國主權，美國必須充分認識到這一問題的高度敏感性，從地區和平穩定大局出發，謹言慎行，不要介入釣魚臺主權問題，不要做任何可能激化矛盾和令局勢更加複雜的事情。
1884,美選邊站損中美關係提到中美關係，文章指出，中美同是太平洋國家，寬闊的太平洋也有足夠的空間容納中美兩個大國。
1886,但構建中美新型大國關係，不是嘴上說一說就管用；美國必須學會尊重中國重大核心利益，少做表裏不一的「蠢事」。
1888,揮之不去的冷戰思維在作祟；中國快速發展讓一些人感到不適，企圖通過美日安保合作，強化冷戰同盟，保持不合時宜的戰略優勢。
1890,熟悉我的人都知道，我反對死刑.
1892,這次事情有因為死刑的存在而遏止了案件的發生嗎？反而恰恰相反。
1894,太多台灣支持死刑的人以己度人，因此很難理解為甚麼全世界有這麼多人反對死刑。
1896,所以就情感以及理性面來講，死刑真的沒有存在的價值。
1898,他們會認為學運是成功的臺北市長變色就是反應民意以後想怎樣就怎樣
1900,什麼都暴力就好了啊，談什麼民主你問過我嗎?
1902,我同意你浪費我們的社會資源嗎?
1904,聖人不死大盜不止他是被迫坐上聖人這個位置的忍耐林義雄的作為是國民黨的業障只可惜苦了台灣人民.
1906,想吹冷氣要電費，卻無法忍受核電的危險.
1908,在野黨沒有實權，只能打打嘴砲好吧，我體諒但恥笑在野黨的無能阿完全行政完全負責的最大黨?
1910,馬英九總統昨表態支持縮減，強調「這是改革的一部分！
1912,王金平籲國企員工共體時艱對於中油、臺電等國營事業工會到立院抗議，立法院長王金平受訪時表示，國營事業績效獎金被刪，一定會有人覺得不公平，但立法院做這決定，也是經過長久討論，好不容易產生共識，盼員工們共體時艱。
1914,據轉述，黨團幹部也說明，立院各黨團協商時，臺聯主張全刪，否則將杯葛總預算的審查與協商；朝野黨團達成績效獎金的刪減共識，過程中行政院長陳沖、主計長石素梅都有瞭解，也有事先溝通。
1916,據轉述，馬指出，有的國營事業屬於獨佔、寡佔，有的則要面對自由競爭，情況都不相同，他支持改革，「行政院也支持這樣的改革！
1918,國營事業有盈餘纔可以領績效獎金，這纔是公平的。
1920,對立法院經委會決議通過凍結民國一○二年的年終獎金案，經濟部長施顏祥說，予以尊重。
1922,另外，中油、臺電去年度大幅虧損，績效獎金仍在經濟部審查中，繼中油以「借支」方式領走三個月獎金後，昨天臺電借支四十天獎金，臺糖借支一個月到一個半月也曝光，經濟部長施顏祥昨天表示，國營事業的績效獎金還沒有覈定，油電事業借支獎金的作法，應該要檢討。
1924,推薦給每一個希望自己獨立和清醒的人。
1926,其他國家民族暴力攻擊的對象。
1928,挺貪汙阿扁還硬要裝成無黨籍就算了今天又講邵曉玲腦袋秀逗事後還說是開玩笑的台灣的首都真的需要這種市長?
1930,首都市長隨便拿別人的健康開玩笑?
1932,更何況他身為醫生更是應該嚴加譴責我越來越相信柯柯哲的高民調是要害他出來選的政治人物故意放出來的了
1934,但基本上，「我們支持改革，行政院也支持」。
1936,國營事業有各種型態、種類及業務性質，尤其部分國營事業是在市場上和同業競爭，能否獲利，必須考量是否具備和同業競爭的條件因素。
1938,立法院朝野協商前天大刪國營事業績效獎金，據瞭解，在做成決議前，陳沖曾致電立法院長王金平，指各國營事業情況差異很大，希望能有各自不同的處理。
1940,對於國營事業工會的強烈反彈，國民黨團幹部私下表示，這是經過立法院長、各黨團黨鞭協商所作出的決議，「不可能再變了！
1942,行政院長陳沖16日召開政務會談，聽取經建會「自由經濟示範區推動方案」簡報。
1944,有鑑於此，示範區內將放寬國內市場投資限制，配合土地、勞力與租稅的法規調適，以吸引投資、增加產值、創造就業並接軌國際。
1946,依據經建會所提自由經濟示範區規劃方案，包括市場開放、法規調適及行政效能提升，並結合適度產業發展政策而設立自由經濟示範區。
1948,了充分發揮自由化所釋放出來的能量，經建會也與相關部會結合臺灣的產業優勢、創新優勢、地理位置優勢與獨特的文化內涵，初步規劃將自由經濟示範區打造成產業創新整閤中心、新世代自由貿易港、國際人才培育中心、國際健康醫療中心、農產品加值運銷中心等具特色的區域產業中心，近期將再進一步研商規劃細節。
1950,執政者無能，人民十分火大。
1952,國家財政越來越糟，許多專家已提警告，臺灣若不及時改正，財政將和歐洲希臘、西班牙一樣，人民恐喪失信心與能力；財政有危機，不滿退休金、年金不公平，還要擔心領不到；改革要有決心與能力，馬政府就缺少這些，人民早已沒有信心。
1954,她呼籲一月十三站出來，告訴無能政府，趕快召開「國是會議」。
1956,蘇貞昌強調，新聞自由爭取不易，還有鄭南榕自焚犧牲，共產黨發覺臺灣人壓不倒、嚇不怕，竟改用買的，火大的臺灣人民要站出來嗆馬。
1958,臺灣吸引的外資只勝過非洲安哥拉，連臺灣選出的總統都只想當中國人，國本日漸動搖；過去投票給馬的人應該面壁思過、道歉，民進黨也要深切檢討，爭取更多人的認同。
1960,以前大家不相信臺灣會餓死人，現在卻發生單親媽媽偷奶粉要給小孩吃，實在悲哀。
1962,那顆熱愛孩子、發現孩子的心去關心愛護巴學園的每一位學生。
1964,一個恢復白臉很久的朋友在臉書發言剛剛有一個朋友說:他寧可死於核災，也不願意被林義雄威脅。
1966,林盃這樣回：我支持停建核四但我更想看到百萬人哀悼林義雄上總統府前廣場抗議.
1968,和日本打一仗，但這種思維無助解決釣島爭端。
1970,況且，在對抗外侮的國家動員下，更能掩蓋國內各項既存矛盾，這無論是對正訴諸改革反腐的中國，或是扭轉日本人民對「中國即霸權」的刻板印象，都沒有幫助。
1972,可共感的區域方案，積極排除美國重返亞洲所帶來的紛擾，提出屬於中日甚至東亞人民自己的解決方式，纔有可能從美國以重返亞洲之名的圍堵格局裏找到出路。
1974,陳良哲／研究生右看：戰鼓鳴繁榮何存安倍上臺後動作連連，在出訪越南泰國印尼之前，先拉北約進亂局，後派人訪澳洲，試圖針對中國建立外交圍堵，甚至重提「亞洲自由與繁榮之弧」，毫不遮掩其冷戰思維，將中國再度妖魔化?
1976,反倒日本處於經濟低迷已久，至今尚未看出有何出路。
1978,前總統阿扁因涉貪入獄，論法是該被關，但站在不少臺灣人的角度，誰纔是真正的貪污犯？是蔣介石，更是國民黨，這口怨氣，或許就是馬英九總統欠阿扁的一個公道：特赦阿扁吧！
1980,沒錯，前總統阿扁因涉貪入獄，論法是該被關，但站在不少臺灣人的角度，誰纔是真正的貪污犯？是蔣介石，更是國民黨，以致臺灣長達40餘年的黨國不分，黨庫通國庫，這口怨氣，或許就是馬英九總統欠阿扁的一個公道：特赦阿扁吧！
1982,何以一個涉貪的卸任總統，在臺灣政壇上還不時激起一連串的漣漪？說穿了還不就是對國民黨長期獨裁政權的一種恨與不甘。
1984,日前臺北市長郝龍斌在月前表態支持阿扁保外就醫，並強調阿扁的保外就醫不單是司法問題，而是牽動許多綠營情感的社會心理問題，對於一個深藍且執政的人物，郝龍斌似乎捅了個馬蜂窩，幾乎被藍營罵翻了，但郝龍斌的這番話似乎僅點出了現況，殊不知更深的意涵就是國民黨對臺灣的另一種道歉方式，更是消弭藍綠對立的一種方式。
1986,挨一頓打，外加言語羞辱，說你不愛國啦，沒有國家你連受教資格都沒有之類的話，搞得老師，校方一個個嫌貧愛富
1988,其他的跟屁沒兩樣)雖然在經濟中間略右偏的，我強調市場開放競爭但同時我也強調政府應該適度管制市場並且加強弱勢照顧，但是完全反對經濟自由化卻並非是我的觀點。
1990,滿意度已經慘不忍睹，還粗暴送服貿，學生抗議你們愛理不理，國際記者會態度又傲慢，還反批反對的人不懂，重點是你馬英九給人信用如何?
1992,你也不想好好解釋清楚，學生衝行政院了，跟警方衝突，一堆人受了傷，結果你們也只丟下依法行政，不理不睬的態度著實讓人心寒，只能說，這次事件，傷害最大的還是你們九點二集團啊，想搞威權復辟，不尊重人民，搞到沒人替你們講話
1994,真是好笑，這種人口口聲聲說民主但是卻無法容忍跟自己想法相反的聲音八卦版也是，只要發一篇支持服貿或是批評這次學運的文，就會被貼上黨工或是抹黑的標籤，反之在那邊酸政府的人就酸的很開心。
1996,前言：人民生活苦，政府官員不願減薪，也不願少領年終，每年還編列各種獎金名目Ａ人民錢、變相加薪。
1998,劉耀仁表示，更可惡的是，交大還是依開單多寡發放獎金，交通局相關單位竟不是依工作好壞，而是「雨露均沾」全發，根本就是變相加薪，把人民當傻瓜。
2000,所以不希望林義雄死的是國民黨希望林義雄死的是那群想讓他變成終極武器的居心叵測的人就跟文林苑王家一樣，一堆人圍在旁邊加油打氣說絕對不能妥協，要跟政府幹到底，怎知打官司賠錢的風險都不再這些職業學生身上我看到時候林義雄撐不下去了，想放棄了圍在旁邊的還會說林義雄表示萬死不辭！
2002,印尼一名最高法院法官候選人拿強姦受害人開玩笑，受到廣泛譴責，可能丟掉法官職務。
2004,高法院法官資格審查聽證，議員詢問高等法院法官安迪（AndiAzhar），是否應對強姦犯處以死刑。
2006,他接受國家電視臺記者採訪時道歉，說當時只是試圖緩和一下緊張氣氛。
2008,西拉伊特說，法官的職責是保護婦女兒童合法權益。
2010,反對針對婦女暴力全國委員會統計，1998年至2010年，印尼發生4845起強姦案。
2012,這兩個魯蛇，每次都堅定的站在輸家那一邊，就算公投好了，投輸了，他們兩個還不是出來鬧事?
2014,近來社會對捷運無差別殺人案同感震驚憤怒，卻對政府無視財政惡劣無差別發放年金津貼優惠利息莫可奈何.
2016,黑色粗框眼鏡，左耳還有兩枚耳釘，髮型時髦。
2018,金韓鬆還說，在澳門認識了幾位南韓朋友，「剛見到時有些尷尬，但是互相理解後才明白雙方的語言和文化非常相似。
2020,對於今後的計劃，他回答說：「大學畢業後，想參加義工和人道主義活動。
2022,金韓鬆還提到他的室友是利比亞人，「在利比亞爆發革命期間回到家鄉，發現那裏完全變成了另一個利比亞。
2024,「四代世襲」的主人公，但二○○一年金正男持假護照入境日本遭驅逐，後來就傳出他被剝奪接班的資格。
2026,美國於10月底遭珊迪（Sandy）颶風侵襲，重創紐澤西州、紐約州及紐約市等地，造成重大傷亡，財物損失總額超過500億美元（約新臺幣1兆4427億元）。
2028,外交部說，臺美關係友好，人民情誼深厚，美國遭逢重大災變，災區受創很深，部分災民流離失所，臺灣人民感同身受。
2030,外交部表示，其中100萬美元（約新臺幣2885萬元）經駐美國臺北經濟文化代表處與美方諮商後，將於華府捐給實際投入救災的慈善機構，其餘30萬美元（約新臺幣865萬元）則分別捐贈給受創最嚴重的紐澤西州、紐約州及紐約市各10萬美元（約新臺幣288萬元）。
2032,AIT文化新聞組長裴士蓮（SheilaPaskman）晚間表示，AIT代表美國政府感謝臺灣慷慨捐助因珊迪颶風而受災的人民。
2034,她說，臺灣的慷慨援助提醒大家，世界是大家庭，彼此應互相幫助、雪中送炭；美國感謝臺灣及各國朋友，在這段艱難時期伸出援手。
2036,經濟部表示，尊重監委意見，並重新檢討。
2038,之前監院糾正國營事業績效獎金制度，但經濟部仍照發國營事業優厚獎金，藐視監察院職權，昨動用「質問權」要求施顏祥說明，先是詢問他由無看過監院的「調查報告」；施顏祥回答，他知道監察院有糾正，但沒注意到細節。
2040,國家副主席習近平15日在北京看望了柬埔寨太后莫尼列，對柬埔寨太皇施亞努逝世表示哀悼和慰問。
2042,習近平表示，施亞努太皇逝世後，中方願全力協助和配合柬方做好相關工作。
2044,她表示，施亞努太皇是中國人民忠誠的老朋友、好朋友，幾10年堅定奉行對華友好政策，並長期在中國生活居住，中國是施亞努太皇和我的第二故鄉，中方一直給予我們精心照料，施亞努太皇病發後，中方有關部門全力救治，我對此深表感謝。
2046,柬埔寨國家電視臺當地時間早上6時發佈了柬政府公告，施亞努因自然原因於凌晨1時20分（北京時間2時20分）在中國北京醫院逝世。
2048,他是一位偉大的國君，我們都尊敬並愛戴他。
2050,英、美、法、日、星各國都報導了施亞努逝世消息以及他對柬埔寨的貢獻。
2052,阿富汗母親：「我5個孩子都非常虛弱，體重不足，我們的生活狀況很差，日子過得非常苦。
2054,阿富汗母親：「我們沒有足夠食物，有時候孩子什麼都沒得吃，如果我丈夫有工作，就可以有食物，如果沒有，大家都得捱餓。
2056,聯合國工作人員：「阿富汗社會讓媽媽們覺得，她們不夠格來哺乳，然而母乳對小孩來說是黃金飲品。
2058,CNN記者：「其中69%被抓的小孩，年紀是在14歲以下，最年輕的甚至只有8歲，98%說他們受虐或是親眼目睹過施虐暴行。
2060,300個小孩，只有12人幸運活了下來。
2062,同意戶要求上樓求見郝龍斌，在市長室所在的11樓電梯出口被警方阻擋，雙方發生輕微推擠，都更處人員表示，希望同意戶先進入會議室等待副處長簡裕榮，不過遭到同意戶拒絕。
2064,簡裕榮說有困難，同意戶隨即起身離開表示不滿。
2066,「稀世的偉人」，絕對服從、效忠，其意圖不外乎是提高對金正恩的忠誠度。
2068,對黨和首領的忠誠，是手握機槍的革命者的基本標誌。
2070,此外，北韓的將領、軍官和士兵以及老百姓們，從大年初一就開始，前往各地所設的「金日成和金正日父子」的銅像前，和大型壁畫前拜祭，以表最高的敬意。
2072,但民進黨團評估，由於馬英九總統帶頭反對績效獎金的決議，國民黨團也封殺年慰金按今年標準辦理的提案，藍營蠢蠢欲動，這些待遇改革的「賞味期」，恐只限今年有效。
2074,但部分國營事業在鉅額虧損下，每年仍可領三、四個月的獎金，引發社會高度質疑。
2076,隔天馬於國民黨中山會報表態支持縮減，還強調這是改革的一部分，應回到「有盈餘纔有獎金」的原則。
2078,王金平也說，行政院將在二月底前擬具績效獎金的覈算辦法送立法院備查，立法院屆時再來「深入探討」。
2080,年慰金議題也是，民進黨立委管碧玲去年十月十五日總質詢時拋出年慰金問題，適逢勞保爆發財務危機，立即遭各界抨擊是不公不義。
2082,但遭遇既得利益者強烈反彈後，又改口發放依據的注意事項是「每年頒訂」，並稱要與經濟連動。
2084,熟悉本帥的吱吱和藍軍都知道，我反對死刑。
2086,但是不判死刑的前提是，原判死刑的兇手要終身監禁不得假釋。
2088,只要沒看到支持FACE先推動配套，都是偽FACE狗良養團體。
2090,所以就情感以及理性面來講，偽FACE狗良養團體真的沒有存在的價值。
2092,如果你反對服貿，請響應罷免那些支持服貿的立委，既然說要割闌尾，就去做，讓反對服貿的立委成多數，透過正常的民主程序，讓服貿延緩或是終止並且譴責佔領主席台這種不民主的行徑既然追求程序正義，那就請做出符合程序正義的行為！
2094,支持服貿就是錯事?
2096,特別吳育昇明明之前就失敗了還敢再來真的超可笑的這不是民主這是政治惡鬥你要罷免去罷免那些貪污的黑道或其親屬)的跟你們作對就要罷免這到底是什麼民主
2098,人民日報海外版：中國有能力為受害公民討回公道。
2100,失望對象二:民進黨他們到底知不知道何謂責任?
2102,難道消滅國民黨真的高於一切?
2104,失望對象二:臺灣理盲!爛情!拿無知當力量公共政策不比數據不比評估卻比肚皮薄厚餓不餓得死?
2106,看到有人說搶救台灣農業
2108,你今天再來說自經區讓農業死，根本搞不清楚狀況...阿就已經死了你還說會死不是笑死人嗎?